pheno,pop,N,pcor,inf,sup
153,United Kingdom,18722,0.0376,0.0233,0.0519
153,Poland,3922,0.0422,0.0108,0.0735
153,Italy,6241,0.0237,-0.0012,0.0485
153,Iran,1123,0.0416,-0.0175,0.1004
153,India,6010,0.0135,-0.0118,0.0389
153,China,1719,0.0226,-0.025,0.0701
153,Caribbean,2362,0.0193,-0.0212,0.0598
153,Nigeria,3757,0.0259,-0.0062,0.0579
172,United Kingdom,19990,0.1136,0.0999,0.1272
172,Poland,4134,0.0962,0.0659,0.1264
172,Italy,6656,0.0762,0.0522,0.1001
172,Iran,1200,0.0694,0.0123,0.1259
172,India,6328,-0.0135,-0.0382,0.0112
172,China,1810,0.0054,-0.041,0.0517
172,Caribbean,2483,-0.0065,-0.046,0.033
172,Nigeria,3924,0.0165,-0.0149,0.0479
174.1,United Kingdom,10197,0.1101,0.0908,0.1292
174.1,Poland,2440,0.0843,0.0446,0.1237
174.1,Italy,3484,0.1125,0.0795,0.1453
174.1,Iran,467,0.0772,-0.0155,0.1687
174.1,India,2782,0.0673,0.0301,0.1044
174.1,China,1143,0.0983,0.0401,0.1559
174.1,Caribbean,1482,0.0416,-0.0097,0.0927
174.1,Nigeria,2035,0.0889,0.0454,0.132
185,United Kingdom,8501,0.1532,0.1323,0.1739
185,Poland,1468,0.168,0.1175,0.2176
185,Italy,2749,0.0919,0.0546,0.129
185,Iran,664,0.1243,0.0476,0.1996
185,India,3182,0.0832,0.0484,0.1177
185,China,575,0.0843,0.0011,0.1663
185,Caribbean,844,0.0638,-0.0044,0.1315
185,Nigeria,1711,0.0537,0.006,0.1011
187.2,United Kingdom,8743,0.0324,0.0114,0.0533
187.2,Poland,1496,0.0533,0.0023,0.104
187.2,Italy,2860,0.0436,0.0068,0.0802
187.2,Iran,698,,,
187.2,India,3362,0.0053,-0.0286,0.0392
187.2,China,591,,,
187.2,Caribbean,817,,,
187.2,Nigeria,1684,-0.0156,-0.0636,0.0325
189.2,United Kingdom,19893,0.0197,0.0058,0.0336
189.2,Poland,4121,0.0266,-0.004,0.0572
189.2,Italy,6645,0.0169,-0.0072,0.041
189.2,Iran,1195,0.0347,-0.0225,0.0917
189.2,India,6301,-0.0016,-0.0263,0.0231
189.2,China,1803,0.0321,-0.0144,0.0784
189.2,Caribbean,2471,-0.0043,-0.0439,0.0353
189.2,Nigeria,3914,0.0359,0.0045,0.0673
191.11,United Kingdom,19895,0.0144,5e-04,0.0283
191.11,Poland,4114,0.0179,-0.0128,0.0485
191.11,Italy,6626,0.0237,-5e-04,0.0478
191.11,Iran,1197,,,
191.11,India,6310,0.0098,-0.0149,0.0345
191.11,China,1801,4e-04,-0.0461,0.0468
191.11,Caribbean,2477,0.0217,-0.0179,0.0612
191.11,Nigeria,3913,0.0343,0.0029,0.0657
193,United Kingdom,19923,0.0307,0.0168,0.0446
193,Poland,4120,-0.0082,-0.0388,0.0225
193,Italy,6640,0.0196,-0.0045,0.0437
193,Iran,1197,-0.0014,-0.0586,0.0557
193,India,6305,0.0052,-0.0195,0.0299
193,China,1801,-0.0121,-0.0585,0.0344
193,Caribbean,2453,0.0102,-0.0296,0.0499
193,Nigeria,3896,8e-04,-0.0307,0.0323
200.1,United Kingdom,19539,0.017,0.003,0.031
200.1,Poland,4052,0.0195,-0.0114,0.0503
200.1,Italy,6489,0.026,0.0016,0.0503
200.1,Iran,1178,-0.0173,-0.0748,0.0404
200.1,India,6171,-0.0038,-0.0288,0.0212
200.1,China,1787,-0.0072,-0.0538,0.0395
200.1,Caribbean,2398,,,
200.1,Nigeria,3819,,,
208,United Kingdom,19812,0.0643,0.0504,0.0782
208,Poland,4121,0.0651,0.0345,0.0955
208,Italy,6617,0.0584,0.0343,0.0824
208,Iran,1194,0.0914,0.0344,0.1478
208,India,6307,0.023,-0.0017,0.0477
208,China,1800,0.0293,-0.0171,0.0757
208,Caribbean,2469,0.0518,0.0122,0.0912
208,Nigeria,3905,0.0459,0.0145,0.0772
211,United Kingdom,19463,0.0232,0.0091,0.0372
211,Poland,4074,0.0262,-0.0045,0.057
211,Italy,6504,0.0186,-0.0058,0.0429
211,Iran,1178,0.0327,-0.0249,0.0902
211,India,6243,0.0246,-3e-04,0.0494
211,China,1772,0.0436,-0.0032,0.0903
211,Caribbean,2441,-0.0065,-0.0464,0.0333
211,Nigeria,3862,0.0197,-0.0119,0.0513
218,United Kingdom,10254,0.0392,0.0199,0.0586
218,Poland,2468,0.0775,0.038,0.1168
218,Italy,3518,0.0381,0.005,0.0712
218,Iran,467,0.1251,0.0328,0.2152
218,India,2817,0.0862,0.0493,0.1228
218,China,1164,0.0245,-0.0335,0.0823
218,Caribbean,1520,0.0263,-0.0244,0.0768
218,Nigeria,2067,0.0186,-0.0248,0.0618
241.2,United Kingdom,19043,0.0277,0.0135,0.0419
241.2,Poland,3930,0.0146,-0.0168,0.0459
241.2,Italy,6363,0.0205,-0.0041,0.0451
241.2,Iran,1140,0.0211,-0.0375,0.0796
241.2,India,5927,0.0654,0.0399,0.0907
241.2,China,1744,0.025,-0.0222,0.0722
241.2,Caribbean,2378,0.0403,0,0.0806
241.2,Nigeria,3830,0.0442,0.0125,0.0759
242,United Kingdom,19108,0.0191,0.0049,0.0332
242,Poland,3938,0.0288,-0.0025,0.06
242,Italy,6381,0.0232,-0.0014,0.0477
242,Iran,1143,-0.0026,-0.0611,0.0559
242,India,5954,0.0473,0.0219,0.0726
242,China,1754,0.0177,-0.0294,0.0647
242,Caribbean,2410,-7e-04,-0.0408,0.0394
242,Nigeria,3836,0.0182,-0.0135,0.0499
244,United Kingdom,19852,0.1192,0.1054,0.1329
244,Poland,4100,0.1349,0.1047,0.1649
244,Italy,6601,0.1003,0.0763,0.1241
244,Iran,1186,0.1247,0.0677,0.1808
244,India,6272,0.11,0.0854,0.1344
244,China,1782,0.044,-0.0027,0.0905
244,Caribbean,2434,0.0033,-0.0366,0.0432
244,Nigeria,3876,0.0419,0.0104,0.0734
250.1,United Kingdom,18975,0.0752,0.061,0.0893
250.1,Poland,3954,0.0684,0.0372,0.0994
250.1,Italy,6300,0.0739,0.0493,0.0985
250.1,Iran,1107,0.0349,-0.0246,0.0941
250.1,India,5228,0.0224,-0.0047,0.0496
250.1,China,1729,-1e-04,-0.0475,0.0474
250.1,Caribbean,2200,-6e-04,-0.0426,0.0414
250.1,Nigeria,3490,-0.0187,-0.052,0.0146
250.2,United Kingdom,19931,0.1246,0.1109,0.1382
250.2,Poland,4121,0.0862,0.0557,0.1165
250.2,Italy,6646,0.108,0.0842,0.1317
250.2,Iran,1197,0.1735,0.1176,0.2284
250.2,India,6312,0.1556,0.1314,0.1796
250.2,China,1808,0.0665,0.0202,0.1125
250.2,Caribbean,2476,0.0956,0.0562,0.1346
250.2,Nigeria,3896,0.0522,0.0208,0.0836
250.7,United Kingdom,19330,0.0366,0.0226,0.0507
250.7,Poland,4032,0.0638,0.033,0.0946
250.7,Italy,6465,0.0315,0.0071,0.0559
250.7,Iran,1162,-0.0471,-0.1048,0.011
250.7,India,6081,0.0325,0.0074,0.0577
250.7,China,1764,-0.0249,-0.0718,0.022
250.7,Caribbean,2385,-0.0193,-0.0596,0.021
250.7,Nigeria,3732,0.0089,-0.0233,0.041
251.1,United Kingdom,18689,0.0286,0.0143,0.043
251.1,Poland,3905,0.0119,-0.0196,0.0433
251.1,Italy,6237,0.0107,-0.0142,0.0355
251.1,Iran,1092,0.0024,-0.0575,0.0622
251.1,India,5103,0.0157,-0.0118,0.0432
251.1,China,1714,-0.0258,-0.0733,0.0219
251.1,Caribbean,2147,-0.0074,-0.0499,0.0351
251.1,Nigeria,3403,-0.0115,-0.0452,0.0222
272,United Kingdom,20000,0.097,0.0833,0.1107
272,Poland,4136,0.0977,0.0674,0.1279
272,Italy,6660,0.0945,0.0706,0.1183
272,Iran,1200,0.0789,0.022,0.1354
272,India,6331,0.0889,0.0644,0.1134
272,China,1810,0.0321,-0.0143,0.0783
272,Caribbean,2484,0.068,0.0286,0.1072
272,Nigeria,3924,0.0363,0.0049,0.0676
274.1,United Kingdom,19983,0.0364,0.0226,0.0503
274.1,Poland,4135,0.043,0.0125,0.0735
274.1,Italy,6655,0.0538,0.0297,0.0777
274.1,Iran,1200,0.0122,-0.0449,0.0692
274.1,India,6325,0.0166,-0.008,0.0413
274.1,China,1810,0.0287,-0.0176,0.075
274.1,Caribbean,2480,0.0314,-0.0082,0.0708
274.1,Nigeria,3918,0.0294,-0.002,0.0607
275.1,United Kingdom,19883,0.1307,0.117,0.1444
275.1,Poland,4105,0.109,0.0786,0.1392
275.1,Italy,6637,0.0178,-0.0063,0.0419
275.1,Iran,1196,,,
275.1,India,6298,3e-04,-0.0244,0.025
275.1,China,1809,0.0117,-0.0346,0.058
275.1,Caribbean,2465,,,
275.1,Nigeria,3903,0.0193,-0.0121,0.0507
277.4,United Kingdom,19924,0.0716,0.0577,0.0854
277.4,Poland,4126,0.0565,0.026,0.087
277.4,Italy,6636,0.0696,0.0455,0.0935
277.4,Iran,1196,-0.0314,-0.0885,0.0258
277.4,India,6292,0.0243,-5e-04,0.049
277.4,China,1805,,,
277.4,Caribbean,2472,0.002,-0.0376,0.0416
277.4,Nigeria,3901,0.0014,-0.0301,0.0328
278,United Kingdom,20000,0.0547,0.0409,0.0686
278,Poland,4136,0.0453,0.0148,0.0758
278,Italy,6660,0.0516,0.0276,0.0756
278,Iran,1200,0.0493,-0.0078,0.106
278,India,6331,0.0334,0.0087,0.058
278,China,1810,-0.0049,-0.0513,0.0414
278,Caribbean,2484,0.0323,-0.0072,0.0717
278,Nigeria,3924,0.0208,-0.0105,0.0522
286.12,United Kingdom,19864,0.0562,0.0424,0.0701
286.12,Poland,4108,0.0487,0.018,0.0792
286.12,Italy,6613,0.0377,0.0136,0.0618
286.12,Iran,1190,,,
286.12,India,6272,0.0354,0.0106,0.0601
286.12,China,1799,,,
286.12,Caribbean,2462,,,
286.12,Nigeria,3883,,,
290.1,United Kingdom,19618,0.0455,0.0315,0.0595
290.1,Poland,4070,0.025,-0.0058,0.0558
290.1,Italy,6562,0.0324,0.0081,0.0565
290.1,Iran,1186,0.0695,0.0122,0.1264
290.1,India,6222,0.046,0.0211,0.0708
290.1,China,1802,0.0477,0.0013,0.094
290.1,Caribbean,2441,0.0445,0.0047,0.0842
290.1,Nigeria,3852,0.0522,0.0206,0.0837
290.11,United Kingdom,19563,0.0482,0.0342,0.0622
290.11,Poland,4062,-0.0098,-0.0406,0.021
290.11,Italy,6544,0.0354,0.0111,0.0596
290.11,Iran,1183,0.0684,0.011,0.1254
290.11,India,6205,0.0283,0.0034,0.0532
290.11,China,1802,0.045,-0.0015,0.0912
290.11,Caribbean,2429,0.0414,0.0015,0.0812
290.11,Nigeria,3836,0.0338,0.002,0.0654
296.2,United Kingdom,17764,0.0323,0.0176,0.047
296.2,Poland,3729,0.0074,-0.0248,0.0396
296.2,Italy,5989,0.027,0.0017,0.0524
296.2,Iran,1055,0.0527,-0.0082,0.1133
296.2,India,5870,-0.0051,-0.0307,0.0205
296.2,China,1742,0.0274,-0.0199,0.0745
296.2,Caribbean,2272,-0.0294,-0.0706,0.0119
296.2,Nigeria,3678,0.0034,-0.029,0.0358
318,United Kingdom,19400,0.0557,0.0416,0.0697
318,Poland,4022,0.0092,-0.0218,0.0401
318,Italy,6548,0.0603,0.0361,0.0845
318,Iran,1180,0.0076,-0.05,0.0651
318,India,6249,0.0361,0.0113,0.0609
318,China,1800,0.0404,-0.0061,0.0867
318,Caribbean,2445,-0.0084,-0.0482,0.0314
318,Nigeria,3876,0.0032,-0.0284,0.0347
335,United Kingdom,19299,0.0367,0.0226,0.0508
335,Poland,4011,0.0122,-0.0188,0.0432
335,Italy,6463,0.0578,0.0334,0.0821
335,Iran,1164,0.0242,-0.0338,0.082
335,India,6094,0.0064,-0.0188,0.0315
335,China,1777,,,
335,Caribbean,2390,0.0032,-0.037,0.0435
335,Nigeria,3790,-0.0104,-0.0423,0.0216
351,United Kingdom,19840,0.0393,0.0253,0.0531
351,Poland,4112,0.0324,0.0018,0.063
351,Italy,6611,0.0341,0.0099,0.0582
351,Iran,1191,-0.039,-0.0961,0.0183
351,India,6277,0.0367,0.0119,0.0614
351,China,1801,0.0055,-0.041,0.0519
351,Caribbean,2471,-0.0227,-0.0623,0.0169
351,Nigeria,3898,-0.0063,-0.0378,0.0252
361,United Kingdom,19445,0.0218,0.0078,0.0359
361,Poland,4055,0.0304,-4e-04,0.0612
361,Italy,6514,0.0086,-0.0157,0.0329
361,Iran,1169,-0.0283,-0.086,0.0296
361,India,6095,0.0155,-0.0096,0.0406
361,China,1773,0.0326,-0.0142,0.0793
361,Caribbean,2384,0.0172,-0.0231,0.0575
361,Nigeria,3743,0.012,-0.0201,0.0441
362.29,United Kingdom,19413,0.0175,0.0034,0.0315
362.29,Poland,4043,0.0258,-0.0051,0.0567
362.29,Italy,6470,0.0177,-0.0067,0.0421
362.29,Iran,1165,-0.03,-0.0877,0.028
362.29,India,6037,0.0368,0.0116,0.062
362.29,China,1775,-0.0304,-0.0771,0.0164
362.29,Caribbean,2374,0.0015,-0.0389,0.0419
362.29,Nigeria,3723,0.0144,-0.0178,0.0466
364.5,United Kingdom,19321,0.0384,0.0243,0.0525
364.5,Poland,4029,0.0753,0.0445,0.106
364.5,Italy,6462,0.0488,0.0245,0.0732
364.5,Iran,1162,0.0128,-0.0452,0.0708
364.5,India,6052,-0.011,-0.0362,0.0143
364.5,China,1764,,,
364.5,Caribbean,2374,,,
364.5,Nigeria,3718,-0.0168,-0.049,0.0155
365,United Kingdom,19592,0.0419,0.0279,0.0558
365,Poland,4066,0.0404,0.0096,0.0711
365,Italy,6540,0.0301,0.0059,0.0544
365,Iran,1181,0.0631,0.0056,0.1202
365,India,6176,0.0232,-0.0018,0.0481
365,China,1783,2e-04,-0.0465,0.0469
365,Caribbean,2447,0.0282,-0.0116,0.0679
365,Nigeria,3854,0.0257,-0.0059,0.0573
366,United Kingdom,20000,0.0436,0.0297,0.0574
366,Poland,4136,0.0813,0.0508,0.1115
366,Italy,6660,0.0642,0.0402,0.0881
366,Iran,1200,0.0028,-0.0543,0.0598
366,India,6331,0.078,0.0534,0.1025
366,China,1810,0.0018,-0.0445,0.0482
366,Caribbean,2484,-0.0371,-0.0765,0.0023
366,Nigeria,3924,0.0161,-0.0153,0.0474
401,United Kingdom,20000,0.1882,0.1748,0.2016
401,Poland,4136,0.1633,0.1334,0.1929
401,Italy,6660,0.157,0.1335,0.1804
401,Iran,1200,0.1797,0.1239,0.2344
401,India,6331,0.1567,0.1326,0.1807
401,China,1810,0.1165,0.0706,0.162
401,Caribbean,2484,0.1101,0.071,0.149
401,Nigeria,3924,0.0682,0.0369,0.0993
411.4,United Kingdom,19308,0.1021,0.0881,0.1161
411.4,Poland,4021,0.1391,0.1086,0.1693
411.4,Italy,6492,0.0994,0.0753,0.1235
411.4,Iran,1158,0.0815,0.0235,0.1389
411.4,India,6070,0.1113,0.0863,0.1361
411.4,China,1794,0.0452,-0.0014,0.0915
411.4,Caribbean,2396,0.0269,-0.0133,0.067
411.4,Nigeria,3793,0.0157,-0.0163,0.0475
415,United Kingdom,19808,0.0355,0.0216,0.0494
415,Poland,4113,0.0647,0.0341,0.0952
415,Italy,6617,0.038,0.0139,0.0621
415,Iran,1190,-0.0071,-0.0643,0.0503
415,India,6283,0.03,0.0052,0.0547
415,China,1805,0.0109,-0.0355,0.0572
415,Caribbean,2457,0.0171,-0.0226,0.0568
415,Nigeria,3858,0.0366,0.005,0.0682
427.2,United Kingdom,19230,0.1026,0.0885,0.1165
427.2,Poland,3980,0.0701,0.039,0.101
427.2,Italy,6397,0.0741,0.0496,0.0984
427.2,Iran,1151,0.091,0.0329,0.1485
427.2,India,6001,0.0436,0.0182,0.0688
427.2,China,1768,0.0317,-0.0153,0.0784
427.2,Caribbean,2381,0.0464,0.0061,0.0866
427.2,Nigeria,3769,0.0414,0.0094,0.0733
428,United Kingdom,19961,0.0293,0.0154,0.0432
428,Poland,4128,0.0213,-0.0093,0.0519
428,Italy,6648,0.0227,-0.0014,0.0467
428,Iran,1197,0.0369,-0.0203,0.0938
428,India,6294,4e-04,-0.0244,0.0251
428,China,1808,0.0692,0.023,0.1152
428,Caribbean,2472,0.0218,-0.0178,0.0613
428,Nigeria,3905,-0.0133,-0.0447,0.0182
443.9,United Kingdom,19668,0.0151,0.0011,0.029
443.9,Poland,4063,0.0365,0.0057,0.0672
443.9,Italy,6566,0.0229,-0.0013,0.0471
443.9,Iran,1189,-0.0194,-0.0766,0.038
443.9,India,6258,0.0011,-0.0237,0.0259
443.9,China,1794,-0.0031,-0.0496,0.0434
443.9,Caribbean,2444,-0.0417,-0.0814,-0.0019
443.9,Nigeria,3878,0.0129,-0.0186,0.0445
451,United Kingdom,18164,0.0525,0.038,0.067
451,Poland,3734,0.068,0.036,0.1
451,Italy,6014,0.0468,0.0215,0.072
451,Iran,1102,0.0855,0.0261,0.1444
451,India,5719,0.0329,0.0069,0.0588
451,China,1622,-0.0182,-0.0671,0.0308
451,Caribbean,2283,0.0073,-0.0339,0.0485
451,Nigeria,3611,-0.0032,-0.0359,0.0295
454,United Kingdom,18550,0.0701,0.0558,0.0844
454,Poland,3835,0.0814,0.0498,0.1128
454,Italy,6131,0.0563,0.0313,0.0813
454,Iran,1116,-0.001,-0.0602,0.0582
454,India,5823,0.0772,0.0516,0.1027
454,China,1639,0.0882,0.0397,0.1364
454,Caribbean,2295,0.001,-0.0401,0.0421
454,Nigeria,3619,0.0172,-0.0155,0.0498
455,United Kingdom,19218,0.0438,0.0297,0.0579
455,Poland,3955,0.03,-0.0013,0.0612
455,Italy,6440,0.0317,0.0073,0.0561
455,Iran,1179,0.0421,-0.0155,0.0995
455,India,6161,0.0213,-0.0037,0.0463
455,China,1785,0.0326,-0.0141,0.0791
455,Caribbean,2423,-0.0211,-0.061,0.0189
455,Nigeria,3828,0.002,-0.0298,0.0337
459.9,United Kingdom,19705,0.0405,0.0266,0.0545
459.9,Poland,4066,0.0326,0.0018,0.0634
459.9,Italy,6570,0.0229,-0.0013,0.0471
459.9,Iran,1182,-0.0084,-0.0659,0.0491
459.9,India,6220,0.0091,-0.0158,0.0339
459.9,China,1790,0.0149,-0.0317,0.0614
459.9,Caribbean,2467,-0.0097,-0.0493,0.03
459.9,Nigeria,3882,0.003,-0.0285,0.0345
471,United Kingdom,19106,0.0469,0.0327,0.0611
471,Poland,3952,0.0653,0.0341,0.0963
471,Italy,6357,0.0455,0.0209,0.07
471,Iran,1114,0.0094,-0.0499,0.0686
471,India,6007,0.0287,0.0034,0.054
471,China,1740,6e-04,-0.0467,0.0478
471,Caribbean,2365,-0.011,-0.0514,0.0295
471,Nigeria,3758,0.0034,-0.0286,0.0355
495,United Kingdom,19551,0.1135,0.0997,0.1274
495,Poland,4078,0.0477,0.017,0.0784
495,Italy,6537,0.0847,0.0606,0.1088
495,Iran,1183,0.0818,0.0244,0.1386
495,India,6270,0.098,0.0734,0.1225
495,China,1803,0.0312,-0.0153,0.0775
495,Caribbean,2462,0.0528,0.0132,0.0923
495,Nigeria,3892,0.0161,-0.0154,0.0476
496,United Kingdom,18735,0.0241,0.0098,0.0384
496,Poland,3959,0.0029,-0.0284,0.0341
496,Italy,6311,0.0292,0.0045,0.0539
496,Iran,1122,0.0083,-0.0508,0.0673
496,India,5753,-0.0056,-0.0315,0.0203
496,China,1729,-0.017,-0.0644,0.0304
496,Caribbean,2270,0.0156,-0.0258,0.0569
496,Nigeria,3652,-0.0066,-0.0391,0.0259
530.1,United Kingdom,19594,0.047,0.033,0.0609
530.1,Poland,4045,0.0513,0.0205,0.0821
530.1,Italy,6525,0.0309,0.0066,0.0551
530.1,Iran,1165,0.0366,-0.0214,0.0943
530.1,India,6172,0.0278,0.0028,0.0527
530.1,China,1774,0.0121,-0.0348,0.0588
530.1,Caribbean,2440,0.0244,-0.0154,0.0642
530.1,Nigeria,3836,0.0371,0.0054,0.0688
535.6,United Kingdom,18600,0.0198,0.0055,0.0342
535.6,Poland,3868,0.0235,-0.0081,0.0551
535.6,Italy,6233,-0.0217,-0.0465,0.0032
535.6,Iran,1076,0.002,-0.0583,0.0623
535.6,India,5720,0.0315,0.0055,0.0574
535.6,China,1684,0.0278,-0.0203,0.0757
535.6,Caribbean,2298,-0.0208,-0.0618,0.0203
535.6,Nigeria,3648,0.0077,-0.0249,0.0402
540,United Kingdom,20000,0.0242,0.0104,0.0381
540,Poland,4136,0.0345,0.0039,0.0649
540,Italy,6660,0.0198,-0.0043,0.0438
540,Iran,1200,-0.0243,-0.0813,0.0328
540,India,6331,0.0024,-0.0223,0.0271
540,China,1810,8e-04,-0.0455,0.0471
540,Caribbean,2484,-0.0062,-0.0457,0.0333
540,Nigeria,3924,-0.0204,-0.0517,0.011
550.1,United Kingdom,18171,0.0676,0.0531,0.082
550.1,Poland,3849,0.04,0.0084,0.0716
550.1,Italy,6131,0.0717,0.0467,0.0966
550.1,Iran,1099,0.0836,0.024,0.1426
550.1,India,5790,0.0535,0.0277,0.0792
550.1,China,1742,0.0451,-0.0021,0.0922
550.1,Caribbean,2301,0.0247,-0.0164,0.0656
550.1,Nigeria,3668,0.0298,-0.0027,0.0622
555.2,United Kingdom,16188,0.0625,0.0471,0.0778
555.2,Poland,3520,0.0367,0.0036,0.0698
555.2,Italy,5477,0.0453,0.0188,0.0717
555.2,Iran,1007,0.0175,-0.0449,0.0799
555.2,India,5337,0.0407,0.0139,0.0676
555.2,China,1630,0.0382,-0.0107,0.0868
555.2,Caribbean,2105,0.031,-0.0119,0.0738
555.2,Nigeria,3465,-3e-04,-0.0337,0.0331
557.1,United Kingdom,16106,0.1196,0.1043,0.1348
557.1,Poland,3509,0.0779,0.0448,0.1108
557.1,Italy,5445,0.097,0.0706,0.1233
557.1,Iran,998,0.0652,0.0025,0.1273
557.1,India,5277,0.0535,0.0265,0.0805
557.1,China,1623,,,
557.1,Caribbean,2091,0.0261,-0.017,0.0691
557.1,Nigeria,3455,0.028,-0.0054,0.0614
562.1,United Kingdom,17645,0.0896,0.0749,0.1042
562.1,Poland,3723,0.1026,0.0706,0.1343
562.1,Italy,5841,0.0849,0.0593,0.1104
562.1,Iran,1057,0.1413,0.0811,0.2004
562.1,India,5515,0.068,0.0416,0.0942
562.1,China,1638,-0.0033,-0.052,0.0454
562.1,Caribbean,2211,0.0777,0.0359,0.1192
562.1,Nigeria,3605,0.0342,0.0015,0.0669
564,United Kingdom,17355,0.02,0.0051,0.0349
564,Poland,3730,0.0383,0.0061,0.0704
564,Italy,5869,6e-04,-0.025,0.0263
564,Iran,1070,-0.0144,-0.0748,0.0462
564,India,5621,0.0139,-0.0123,0.0401
564,China,1694,0.0307,-0.0172,0.0785
564,Caribbean,2227,0.0283,-0.0135,0.0699
564,Nigeria,3630,-0.0057,-0.0383,0.0269
565.1,United Kingdom,19196,0.0212,0.007,0.0353
565.1,Poland,4008,0.0361,0.005,0.067
565.1,Italy,6382,0.0161,-0.0085,0.0406
565.1,Iran,1135,0.0633,0.0047,0.1216
565.1,India,5990,-0.0037,-0.029,0.0217
565.1,China,1770,0.0417,-0.0051,0.0884
565.1,Caribbean,2363,0.0309,-0.0096,0.0713
565.1,Nigeria,3762,0.0059,-0.0261,0.0379
571.5,United Kingdom,19586,0.0413,0.0273,0.0553
571.5,Poland,4060,0.034,0.0032,0.0648
571.5,Italy,6543,0.0281,0.0038,0.0523
571.5,Iran,1185,0.0168,-0.0407,0.0741
571.5,India,6209,0.0246,-3e-04,0.0495
571.5,China,1783,0.0455,-0.0012,0.092
571.5,Caribbean,2429,-0.013,-0.0529,0.0269
571.5,Nigeria,3837,-0.0259,-0.0576,0.0058
574,United Kingdom,19908,0.0948,0.081,0.1085
574,Poland,4121,0.0809,0.0504,0.1112
574,Italy,6631,0.0769,0.0529,0.1008
574,Iran,1197,0.0684,0.0113,0.1251
574,India,6310,0.0422,0.0175,0.0668
574,China,1806,0.041,-0.0054,0.0872
574,Caribbean,2477,0.0362,-0.0033,0.0757
574,Nigeria,3912,0.0251,-0.0063,0.0565
575,United Kingdom,19288,0.0221,0.008,0.0362
575,Poland,3998,0.0485,0.0174,0.0795
575,Italy,6436,-0.0029,-0.0274,0.0215
575,Iran,1170,0.0133,-0.0445,0.0711
575,India,6142,0.0217,-0.0033,0.0468
575,China,1775,0.03,-0.0168,0.0767
575,Caribbean,2432,0.0111,-0.0288,0.051
575,Nigeria,3852,-4e-04,-0.0321,0.0312
593,United Kingdom,19287,0.03,0.0159,0.0441
593,Poland,4016,0.0138,-0.0172,0.0448
593,Italy,6420,0.0214,-0.0031,0.0459
593,Iran,1159,-0.0225,-0.0805,0.0356
593,India,6067,0.0329,0.0077,0.0581
593,China,1766,0.0088,-0.0382,0.0557
593,Caribbean,2389,0.027,-0.0133,0.0672
593,Nigeria,3775,0.0212,-0.0107,0.0532
594,United Kingdom,19913,0.0323,0.0184,0.0462
594,Poland,4121,0.0291,-0.0015,0.0597
594,Italy,6632,0.0503,0.0263,0.0743
594,Iran,1192,0.0222,-0.0352,0.0793
594,India,6306,0.033,0.0082,0.0576
594,China,1803,0.0058,-0.0406,0.0522
594,Caribbean,2475,0.005,-0.0345,0.0446
594,Nigeria,3912,0.0052,-0.0262,0.0366
600,United Kingdom,8710,0.0846,0.0636,0.1054
600,Poland,1493,0.1233,0.0727,0.1733
600,Italy,2859,0.0911,0.0545,0.1275
600,Iran,696,0.0715,-0.0039,0.146
600,India,3344,0.0339,-1e-04,0.0679
600,China,586,0.0651,-0.0173,0.1467
600,Caribbean,827,0.1134,0.0448,0.1809
600,Nigeria,1703,0.0524,0.0046,0.0999
615,United Kingdom,10566,0.0219,0.0028,0.041
615,Poland,2514,0.0355,-0.0037,0.0747
615,Italy,3593,0.0028,-0.03,0.0356
615,Iran,468,0.0366,-0.0562,0.1287
615,India,2826,0.0358,-0.0012,0.0727
615,China,1175,0.0619,0.0042,0.1191
615,Caribbean,1515,0.0248,-0.0259,0.0754
615,Nigeria,2021,0.024,-0.0199,0.0677
618,United Kingdom,10810,0.0425,0.0237,0.0613
618,Poland,2578,0.0481,0.0094,0.0867
618,Italy,3676,0.0389,0.0065,0.0712
618,Iran,483,-0.0042,-0.0952,0.0869
618,India,2902,0.0503,0.0138,0.0866
618,China,1207,0.0167,-0.0403,0.0735
618,Caribbean,1584,0.0381,-0.0115,0.0875
618,Nigeria,2113,0.037,-0.0059,0.0797
654.2,United Kingdom,10686,0.0509,0.0319,0.0698
654.2,Poland,2539,0.0603,0.0213,0.0991
654.2,Italy,3602,0.0696,0.0369,0.1021
654.2,Iran,470,0.0386,-0.054,0.1304
654.2,India,2815,0.0639,0.0269,0.1008
654.2,China,1173,0.052,-0.0057,0.1094
654.2,Caribbean,1548,-0.0385,-0.0885,0.0116
654.2,Nigeria,2068,0.0144,-0.0289,0.0577
681,United Kingdom,19807,0.0142,3e-04,0.0282
681,Poland,4093,-0.0247,-0.0554,0.006
681,Italy,6586,-0.004,-0.0282,0.0201
681,Iran,1189,0.0014,-0.0559,0.0587
681,India,6213,0.0057,-0.0192,0.0306
681,China,1803,-0.0207,-0.0671,0.0257
681,Caribbean,2440,-0.0078,-0.0476,0.0321
681,Nigeria,3853,-0.0033,-0.0349,0.0284
695.4,United Kingdom,19585,0.0184,0.0043,0.0324
695.4,Poland,4047,0.021,-0.0099,0.0518
695.4,Italy,6535,-0.0073,-0.0315,0.017
695.4,Iran,1184,-0.0184,-0.0757,0.0391
695.4,India,6185,0.0029,-0.0221,0.0278
695.4,China,1785,0.0023,-0.0444,0.0489
695.4,Caribbean,2428,-0.0163,-0.0562,0.0236
695.4,Nigeria,3872,-0.0061,-0.0377,0.0255
696.4,United Kingdom,19615,0.0636,0.0497,0.0775
696.4,Poland,4059,0.107,0.0764,0.1374
696.4,Italy,6554,0.0404,0.0162,0.0646
696.4,Iran,1183,0.0463,-0.0112,0.1035
696.4,India,6161,0.0327,0.0077,0.0577
696.4,China,1784,0.0079,-0.0388,0.0545
696.4,Caribbean,2398,0.0357,-0.0045,0.0757
696.4,Nigeria,3834,-0.0065,-0.0382,0.0252
697,United Kingdom,19670,0.0199,0.0059,0.0338
697,Poland,4059,0.0123,-0.0186,0.0431
697,Italy,6565,0.0166,-0.0076,0.0408
697,Iran,1186,0.0554,-0.002,0.1124
697,India,6194,0.018,-0.0069,0.0429
697,China,1783,,,
697,Caribbean,2441,0.0157,-0.0242,0.0555
697,Nigeria,3882,0.0332,0.0017,0.0647
704,United Kingdom,19926,0.056,0.0422,0.0699
704,Poland,4120,0.0826,0.0521,0.113
704,Italy,6645,0.0472,0.0232,0.0712
704,Iran,1195,0.0567,-5e-04,0.1135
704,India,6308,0.0395,0.0147,0.0641
704,China,1809,-0.0177,-0.064,0.0287
704,Caribbean,2478,-0.0289,-0.0684,0.0106
704,Nigeria,3918,-0.0047,-0.0361,0.0267
706.2,United Kingdom,19952,0.0461,0.0323,0.06
706.2,Poland,4124,0.0709,0.0404,0.1013
706.2,Italy,6646,0.0466,0.0225,0.0706
706.2,Iran,1194,0.0522,-0.005,0.1091
706.2,India,6311,0.049,0.0243,0.0736
706.2,China,1807,-0.0163,-0.0627,0.0301
706.2,Caribbean,2471,-0.0263,-0.0659,0.0133
706.2,Nigeria,3913,-0.01,-0.0414,0.0214
714.1,United Kingdom,18393,0.0416,0.0272,0.056
714.1,Poland,3878,0.0554,0.0239,0.0868
714.1,Italy,6241,0.0322,0.0073,0.057
714.1,Iran,1128,0.0363,-0.0226,0.095
714.1,India,5728,0.0097,-0.0163,0.0356
714.1,China,1754,0.0277,-0.0194,0.0746
714.1,Caribbean,2277,-0.0138,-0.055,0.0275
714.1,Nigeria,3634,-0.0251,-0.0577,0.0075
715.2,United Kingdom,18262,0.0797,0.0653,0.0941
715.2,Poland,3854,0.0453,0.0137,0.0769
715.2,Italy,6216,0.0521,0.0272,0.0769
715.2,Iran,1124,0.1472,0.0889,0.2044
715.2,India,5671,0.0279,0.0019,0.054
715.2,China,1749,,,
715.2,Caribbean,2254,,,
715.2,Nigeria,3606,,,
716,United Kingdom,19847,0.0461,0.0322,0.0599
716,Poland,4104,0.0184,-0.0122,0.0491
716,Italy,6617,0.045,0.0209,0.0691
716,Iran,1195,0.0341,-0.0232,0.0911
716,India,6278,0.0386,0.0138,0.0633
716,China,1805,-0.0084,-0.0547,0.038
716,Caribbean,2465,-0.0304,-0.07,0.0092
716,Nigeria,3893,0.0315,0,0.0629
717,United Kingdom,20000,0.0215,0.0076,0.0353
717,Poland,4136,0.0281,-0.0025,0.0586
717,Italy,6660,0.0135,-0.0105,0.0376
717,Iran,1200,0.0172,-0.0399,0.0742
717,India,6331,0.0191,-0.0056,0.0438
717,China,1810,-0.0064,-0.0527,0.0399
717,Caribbean,2484,0.0191,-0.0204,0.0585
717,Nigeria,3924,0.0283,-0.0031,0.0596
727.4,United Kingdom,18953,0.0188,0.0046,0.033
727.4,Poland,3909,-0.0022,-0.0337,0.0292
727.4,Italy,6366,-3e-04,-0.0249,0.0243
727.4,Iran,1137,-0.0036,-0.0623,0.0551
727.4,India,5964,0.0056,-0.0198,0.031
727.4,China,1759,-0.0128,-0.0598,0.0342
727.4,Caribbean,2358,-0.0261,-0.0666,0.0144
727.4,Nigeria,3779,0.0184,-0.0135,0.0504
728.71,United Kingdom,18971,0.0783,0.0641,0.0924
728.71,Poland,3900,0.1046,0.0734,0.1357
728.71,Italy,6356,0.076,0.0514,0.1004
728.71,Iran,1131,0.0428,-0.016,0.1014
728.71,India,5940,0.0269,0.0014,0.0524
728.71,China,1746,,,
728.71,Caribbean,2335,-0.0262,-0.0669,0.0145
728.71,Nigeria,3732,-9e-04,-0.0331,0.0312
735.3,United Kingdom,19732,0.0379,0.024,0.0519
735.3,Poland,4086,0.0205,-0.0103,0.0512
735.3,Italy,6598,0.0217,-0.0025,0.0458
735.3,Iran,1186,0.0299,-0.0276,0.0872
735.3,India,6269,0.031,0.0062,0.0558
735.3,China,1803,0.0133,-0.0331,0.0597
735.3,Caribbean,2457,0.0105,-0.0292,0.0502
735.3,Nigeria,3900,8e-04,-0.0307,0.0323
740,United Kingdom,20000,0.0409,0.027,0.0547
740,Poland,4136,0.0415,0.0109,0.0719
740,Italy,6660,0.0357,0.0117,0.0597
740,Iran,1200,0.0326,-0.0246,0.0895
740,India,6331,0.0211,-0.0036,0.0457
740,China,1810,0.0051,-0.0412,0.0514
740,Caribbean,2484,0.0312,-0.0083,0.0706
740,Nigeria,3924,0.0103,-0.0211,0.0417
743.1,United Kingdom,19982,0.0308,0.017,0.0447
743.1,Poland,4130,-2e-04,-0.0308,0.0303
743.1,Italy,6657,0.0348,0.0108,0.0588
743.1,Iran,1199,0.0115,-0.0456,0.0686
743.1,India,6327,-0.0028,-0.0274,0.0219
743.1,China,1808,0.0046,-0.0418,0.0509
743.1,Caribbean,2483,-0.0024,-0.0419,0.0371
743.1,Nigeria,3923,0.0028,-0.0286,0.0342
785,United Kingdom,20000,0.0265,0.0126,0.0403
785,Poland,4136,0.0569,0.0264,0.0873
785,Italy,6660,0.0156,-0.0085,0.0396
785,Iran,1200,-0.0034,-0.0605,0.0536
785,India,6331,0.0214,-0.0033,0.046
785,China,1810,0.0135,-0.0329,0.0598
785,Caribbean,2484,0.0188,-0.0207,0.0583
785,Nigeria,3924,0.0049,-0.0265,0.0362
960.2,United Kingdom,19352,0.0296,0.0155,0.0436
960.2,Poland,4025,0.0128,-0.0182,0.0437
960.2,Italy,6493,0.0196,-0.0047,0.044
960.2,Iran,1172,-0.0358,-0.0933,0.022
960.2,India,6180,-0.0111,-0.036,0.0139
960.2,China,1773,-0.0272,-0.0739,0.0196
960.2,Caribbean,2406,0.0141,-0.0261,0.0542
960.2,Nigeria,3818,3e-04,-0.0315,0.0321
albumin,United Kingdom,17457,0.2949,0.2813,0.3084
albumin,Poland,3593,0.2758,0.2452,0.3058
albumin,Italy,5803,0.2722,0.2482,0.2959
albumin,Iran,1036,0.2704,0.2124,0.3264
albumin,India,5478,0.2714,0.2467,0.2958
albumin,China,1560,0.226,0.178,0.2729
albumin,Caribbean,2159,0.1475,0.1058,0.1887
albumin,Nigeria,3401,0.1407,0.1075,0.1736
ankle_spacing,United Kingdom,11502,0.4249,0.4098,0.4398
ankle_spacing,Poland,2149,0.402,0.3658,0.437
ankle_spacing,Italy,3469,0.3944,0.3659,0.4222
ankle_spacing,Iran,507,0.3841,0.3057,0.4574
ankle_spacing,India,1985,0.3675,0.3286,0.4051
ankle_spacing,China,819,0.3258,0.2623,0.3864
ankle_spacing,Caribbean,801,0.2218,0.1541,0.2875
ankle_spacing,Nigeria,1421,0.1388,0.0871,0.1898
apoA,United Kingdom,17339,0.4103,0.3978,0.4226
apoA,Poland,3563,0.4163,0.3887,0.4432
apoA,Italy,5765,0.4138,0.3921,0.435
apoA,Iran,1033,0.3636,0.3089,0.4158
apoA,India,5470,0.3639,0.3406,0.3867
apoA,China,1543,0.35,0.3051,0.3933
apoA,Caribbean,2151,0.2555,0.2154,0.2948
apoA,Nigeria,3389,0.2218,0.1894,0.2536
apoB,United Kingdom,18910,0.3928,0.3807,0.4048
apoB,Poland,3935,0.3999,0.3732,0.4258
apoB,Italy,6296,0.3644,0.3428,0.3857
apoB,Iran,1115,0.3471,0.2939,0.3981
apoB,India,5953,0.2716,0.2479,0.295
apoB,China,1705,0.3064,0.2625,0.349
apoB,Caribbean,2325,0.3326,0.2958,0.3684
apoB,Nigeria,3626,0.2588,0.2281,0.289
avMSE,United Kingdom,4208,0.3416,0.3146,0.3681
avMSE,Poland,1144,0.3333,0.2803,0.3843
avMSE,Italy,2005,0.3002,0.2596,0.3397
avMSE,Iran,440,0.2562,0.1645,0.3434
avMSE,India,2632,0.2318,0.1952,0.2677
avMSE,China,634,0.1646,0.0866,0.2406
avMSE,Caribbean,1331,0.1066,0.0527,0.1598
avMSE,Nigeria,1910,0.0914,0.0465,0.1359
bad_hearing,United Kingdom,19161,0.0921,0.0781,0.1062
bad_hearing,Poland,3907,0.0758,0.0445,0.107
bad_hearing,Italy,6265,0.0537,0.0289,0.0784
bad_hearing,Iran,1089,0.0251,-0.0349,0.0849
bad_hearing,India,5858,0.0738,0.0482,0.0993
bad_hearing,China,1684,0.0734,0.0254,0.121
bad_hearing,Caribbean,2325,0.0133,-0.0275,0.0541
bad_hearing,Nigeria,3691,0.011,-0.0213,0.0434
birth_weight,United Kingdom,11255,0.1913,0.1734,0.209
birth_weight,Poland,2139,0.1447,0.1027,0.1861
birth_weight,Italy,3422,0.1639,0.131,0.1964
birth_weight,Iran,303,0.1653,0.0496,0.2766
birth_weight,India,1505,0.1064,0.0559,0.1565
birth_weight,China,714,0.1533,0.0798,0.2251
birth_weight,Caribbean,840,0.0983,0.03,0.1656
birth_weight,Nigeria,791,0.1149,0.0447,0.1841
calcium,United Kingdom,17443,0.2668,0.2529,0.2805
calcium,Poland,3592,0.2822,0.2517,0.3121
calcium,Italy,5801,0.252,0.2277,0.276
calcium,Iran,1035,0.2261,0.1669,0.2837
calcium,India,5484,0.241,0.2159,0.2658
calcium,China,1563,0.2155,0.1674,0.2626
calcium,Caribbean,2161,0.1173,0.0753,0.1589
calcium,Nigeria,3403,0.1184,0.085,0.1515
celiac_gluten,United Kingdom,7142,0.0993,0.0763,0.1223
celiac_gluten,Poland,1354,0.0796,0.026,0.1327
celiac_gluten,Italy,2442,0.0358,-0.0041,0.0755
celiac_gluten,Iran,208,0.0295,-0.1141,0.1719
celiac_gluten,India,908,0.0219,-0.0439,0.0876
celiac_gluten,China,452,,,
celiac_gluten,Caribbean,400,-0.0127,-0.1132,0.088
celiac_gluten,Nigeria,526,0.0162,-0.0711,0.1032
cholesterol,United Kingdom,19002,0.3271,0.3143,0.3397
cholesterol,Poland,3952,0.343,0.3152,0.3703
cholesterol,Italy,6326,0.3093,0.2868,0.3314
cholesterol,Iran,1126,0.2914,0.2365,0.3444
cholesterol,India,6001,0.2092,0.1848,0.2333
cholesterol,China,1717,0.2781,0.2336,0.3215
cholesterol,Caribbean,2343,0.2749,0.2369,0.3121
cholesterol,Nigeria,3656,0.203,0.1716,0.234
darker_hair0,United Kingdom,18840,0.5035,0.4927,0.514
darker_hair0,Poland,3985,0.4762,0.4517,0.4999
darker_hair0,Italy,6455,0.4084,0.3879,0.4286
darker_hair0,Iran,1131,0.2787,0.2235,0.3321
darker_hair0,India,6130,0.1041,0.0792,0.1288
darker_hair0,China,1782,0.0247,-0.0221,0.0713
darker_hair0,Caribbean,2414,0.0902,0.0504,0.1298
darker_hair0,Nigeria,3832,0.0274,-0.0044,0.0591
darker_skin0,United Kingdom,19738,0.387,0.375,0.3988
darker_skin0,Poland,4029,0.3235,0.2955,0.3509
darker_skin0,Italy,6521,0.326,0.3041,0.3476
darker_skin0,Iran,1058,0.2918,0.2352,0.3465
darker_skin0,India,6068,0.1171,0.0921,0.1418
darker_skin0,China,1506,0.0091,-0.0418,0.0599
darker_skin0,Caribbean,2401,0.0775,0.0374,0.1173
darker_skin0,Nigeria,3778,0.0247,-0.0073,0.0567
depressed_for_1w,United Kingdom,6445,0.0769,0.0526,0.1012
depressed_for_1w,Poland,1519,-0.0019,-0.0525,0.0488
depressed_for_1w,Italy,2506,0.0432,0.0039,0.0824
depressed_for_1w,Iran,505,0.0058,-0.0833,0.0947
depressed_for_1w,India,3525,0.026,-0.0071,0.0591
depressed_for_1w,China,751,-0.028,-0.1003,0.0446
depressed_for_1w,Caribbean,1457,0.0344,-0.0173,0.086
depressed_for_1w,Nigeria,2067,-0.031,-0.0742,0.0123
depression_feelings,United Kingdom,6438,0.0302,0.0058,0.0546
depression_feelings,Poland,1240,-0.006,-0.0621,0.0502
depression_feelings,Italy,2249,0.0308,-0.0107,0.0723
depression_feelings,Iran,201,0.0872,-0.0594,0.2301
depression_feelings,India,813,0.0462,-0.0235,0.1155
depression_feelings,China,424,0.0145,-0.0832,0.1119
depression_feelings,Caribbean,371,-0.0165,-0.121,0.0883
depression_feelings,Nigeria,510,0.0197,-0.069,0.1081
diastolic_BP,United Kingdom,18718,0.2491,0.2356,0.2625
diastolic_BP,Poland,3930,0.2605,0.231,0.2895
diastolic_BP,Italy,6338,0.2168,0.1932,0.2402
diastolic_BP,Iran,1151,0.1801,0.1231,0.2359
diastolic_BP,India,6098,0.1863,0.162,0.2105
diastolic_BP,China,1719,0.2437,0.1985,0.288
diastolic_BP,Caribbean,2438,0.1048,0.0652,0.144
diastolic_BP,Nigeria,3850,0.0834,0.0519,0.1148
drink_alcohol,United Kingdom,19294,0.0209,0.0068,0.035
drink_alcohol,Poland,3938,0.0195,-0.0118,0.0508
drink_alcohol,Italy,6413,0.0217,-0.0028,0.0462
drink_alcohol,Iran,1101,0.0069,-0.0527,0.0665
drink_alcohol,India,5830,0.0024,-0.0233,0.0281
drink_alcohol,China,1726,0.0204,-0.0271,0.0678
drink_alcohol,Caribbean,2357,0.0195,-0.021,0.06
drink_alcohol,Nigeria,3609,0.0279,-0.0048,0.0606
ECG_P_duration,United Kingdom,1622,0.0975,0.0487,0.1458
ECG_P_duration,Poland,310,0.1126,-0.0026,0.2249
ECG_P_duration,Italy,474,0.0776,-0.0146,0.1684
ECG_P_duration,Iran,49,-0.1487,-0.4886,0.2303
ECG_P_duration,India,299,0.0714,-0.0464,0.1872
ECG_P_duration,China,134,0.2031,0.0199,0.3731
ECG_P_duration,Caribbean,76,0.2803,0.0188,0.5059
ECG_P_duration,Nigeria,138,0.1764,-0.0045,0.3461
ECG_PP_interval,United Kingdom,1036,0.1051,0.0439,0.1655
ECG_PP_interval,Poland,191,0.1015,-0.0493,0.2478
ECG_PP_interval,Italy,225,0.1429,0.006,0.2745
ECG_PP_interval,Iran,25,-0.3367,-0.9398,0.7761
ECG_PP_interval,India,165,0.0817,-0.0824,0.2415
ECG_PP_interval,China,73,0.144,-0.1314,0.3987
ECG_PP_interval,Caribbean,49,0.0201,-0.349,0.3838
ECG_PP_interval,Nigeria,61,0.2346,-0.0787,0.5057
ECG_PQ_interval,United Kingdom,992,0.173,0.1113,0.2333
ECG_PQ_interval,Poland,181,0.1945,0.041,0.3389
ECG_PQ_interval,Italy,217,0.2467,0.1108,0.3736
ECG_PQ_interval,Iran,25,0.2876,-0.7969,0.9331
ECG_PQ_interval,India,159,0.09,-0.0776,0.2527
ECG_PQ_interval,China,73,0.0694,-0.2047,0.3335
ECG_PQ_interval,Caribbean,49,0.212,-0.1676,0.5368
ECG_PQ_interval,Nigeria,61,0.2774,-0.0331,0.539
ECG_QT_interval,United Kingdom,1042,0.1488,0.0883,0.2082
ECG_QT_interval,Poland,193,0.1764,0.0279,0.3172
ECG_QT_interval,Italy,226,0.2353,0.1019,0.3604
ECG_QT_interval,Iran,26,-0.1488,-0.8569,0.7538
ECG_QT_interval,India,165,-0.0176,-0.18,0.1459
ECG_QT_interval,China,73,0.325,0.06,0.5472
ECG_QT_interval,Caribbean,49,-0.034,-0.3956,0.3367
ECG_QT_interval,Nigeria,61,0.1053,-0.2091,0.4
ECG_QTC_interval,United Kingdom,1040,0.2353,0.1765,0.2925
ECG_QTC_interval,Poland,191,0.2876,0.1438,0.4196
ECG_QTC_interval,Italy,225,0.1528,0.0161,0.2839
ECG_QTC_interval,Iran,26,0.5901,-0.425,0.9478
ECG_QTC_interval,India,165,-0.0987,-0.2576,0.0654
ECG_QTC_interval,China,72,0.2317,-0.044,0.4746
ECG_QTC_interval,Caribbean,49,-0.0515,-0.4103,0.321
ECG_QTC_interval,Nigeria,61,0.1979,-0.1168,0.4766
ECG_RR_interval,United Kingdom,1042,0.065,0.0037,0.1258
ECG_RR_interval,Poland,193,0.0882,-0.0618,0.2343
ECG_RR_interval,Italy,226,0.1096,-0.0276,0.2426
ECG_RR_interval,Iran,26,-0.3743,-0.9096,0.628
ECG_RR_interval,India,166,0.0596,-0.1039,0.2199
ECG_RR_interval,China,73,0.1051,-0.1701,0.365
ECG_RR_interval,Caribbean,49,-0.1946,-0.5237,0.1851
ECG_RR_interval,Nigeria,61,0.0322,-0.2782,0.3365
erythrocyte_width,United Kingdom,19392,0.3342,0.3217,0.3467
erythrocyte_width,Poland,3996,0.3297,0.3017,0.3571
erythrocyte_width,Italy,6422,0.2987,0.2762,0.3208
erythrocyte_width,Iran,1144,0.2615,0.2062,0.3152
erythrocyte_width,India,6035,0.2435,0.2196,0.2671
erythrocyte_width,China,1757,0.2371,0.1922,0.281
erythrocyte_width,Caribbean,2328,0.1157,0.0753,0.1558
erythrocyte_width,Nigeria,3680,0.1241,0.092,0.1558
erythrocyte,United Kingdom,19422,0.3987,0.3868,0.4105
erythrocyte,Poland,4001,0.404,0.3776,0.4296
erythrocyte,Italy,6437,0.3387,0.3169,0.3602
erythrocyte,Iran,1153,0.3306,0.2777,0.3815
erythrocyte,India,6078,0.2916,0.2684,0.3145
erythrocyte,China,1762,0.2689,0.2247,0.3119
erythrocyte,Caribbean,2342,0.1886,0.149,0.2275
erythrocyte,Nigeria,3711,0.1298,0.098,0.1614
ever_cannabis,United Kingdom,5865,0.071,0.0455,0.0965
ever_cannabis,Poland,1104,0.0914,0.0321,0.1502
ever_cannabis,Italy,2006,0.0329,-0.0111,0.0768
ever_cannabis,Iran,186,0.0068,-0.1456,0.159
ever_cannabis,India,784,-0.0078,-0.0787,0.0631
ever_cannabis,China,405,-0.0454,-0.1447,0.0548
ever_cannabis,Caribbean,333,0.0465,-0.0647,0.1565
ever_cannabis,Nigeria,482,-0.0235,-0.1145,0.0679
ever_smoked,United Kingdom,19926,0.1289,0.1152,0.1426
ever_smoked,Poland,4104,0.1244,0.0941,0.1545
ever_smoked,Italy,6620,0.1351,0.1114,0.1587
ever_smoked,Iran,1152,0.0944,0.0363,0.1518
ever_smoked,India,6176,0.089,0.0642,0.1138
ever_smoked,China,1787,0.0908,0.0443,0.1368
ever_smoked,Caribbean,2443,0.0425,0.0027,0.0822
ever_smoked,Nigeria,3854,0.0157,-0.016,0.0473
F_age_first_birth,United Kingdom,3989,0.1321,0.1014,0.1625
F_age_first_birth,Poland,768,0.1462,0.0753,0.2156
F_age_first_birth,Italy,1149,0.0667,0.0084,0.1245
F_age_first_birth,Iran,157,0.0391,-0.1289,0.2048
F_age_first_birth,India,1185,0.0506,-0.0069,0.1077
F_age_first_birth,China,314,-0.0059,-0.12,0.1084
F_age_first_birth,Caribbean,509,-0.0326,-0.1209,0.0561
F_age_first_birth,Nigeria,746,0.0133,-0.0595,0.0859
F_length_menstrual_cycle,United Kingdom,987,0.0877,0.0248,0.1499
F_length_menstrual_cycle,Poland,308,0.0665,-0.0493,0.1805
F_length_menstrual_cycle,Italy,538,0.0619,-0.0243,0.1472
F_length_menstrual_cycle,Iran,72,0.1511,-0.1243,0.4048
F_length_menstrual_cycle,India,402,0.0823,-0.0181,0.181
F_length_menstrual_cycle,China,197,0.1249,-0.0226,0.2671
F_length_menstrual_cycle,Caribbean,211,-0.1436,-0.2795,-0.002
F_length_menstrual_cycle,Nigeria,282,0.0278,-0.0935,0.1482
F_log_testosterone,United Kingdom,9296,0.1628,0.143,0.1826
F_log_testosterone,Poland,1918,0.1364,0.092,0.1803
F_log_testosterone,Italy,3123,0.1116,0.0767,0.1462
F_log_testosterone,Iran,562,0.2041,0.122,0.2835
F_log_testosterone,India,2976,0.1494,0.114,0.1845
F_log_testosterone,China,855,0.0621,-0.0058,0.1294
F_log_testosterone,Caribbean,1112,0.0967,0.0376,0.1551
F_log_testosterone,Nigeria,1808,0.0739,0.0276,0.1198
F_menarche,United Kingdom,5746,0.2798,0.2557,0.3035
F_menarche,Poland,1292,0.2408,0.1884,0.2919
F_menarche,Italy,1920,0.2576,0.2152,0.2992
F_menarche,Iran,221,0.1617,0.0242,0.2932
F_menarche,India,1460,0.0834,0.0319,0.1345
F_menarche,China,611,0.1105,0.0302,0.1894
F_menarche,Caribbean,771,0.0913,0.02,0.1618
F_menarche,Nigeria,994,0.0772,0.0145,0.1393
fall_1y,United Kingdom,19947,0.0228,0.0089,0.0366
fall_1y,Poland,4070,0.0369,0.0061,0.0676
fall_1y,Italy,6602,0.0428,0.0187,0.0669
fall_1y,Iran,1089,0.0845,0.0246,0.1437
fall_1y,India,6030,0.019,-0.0063,0.0442
fall_1y,China,1755,0.0303,-0.0167,0.0773
fall_1y,Caribbean,2437,0.0163,-0.0236,0.0562
fall_1y,Nigeria,3814,0.0154,-0.0165,0.0472
fat_perc,United Kingdom,19632,0.3451,0.3327,0.3573
fat_perc,Poland,4073,0.3424,0.3149,0.3693
fat_perc,Italy,6533,0.3184,0.2964,0.3401
fat_perc,Iran,1151,0.286,0.2316,0.3386
fat_perc,India,6180,0.2751,0.2518,0.298
fat_perc,China,1779,0.2312,0.1865,0.275
fat_perc,Caribbean,2418,0.1519,0.1126,0.1908
fat_perc,Nigeria,3799,0.1483,0.1169,0.1793
FEV1,United Kingdom,15118,0.3319,0.3176,0.346
FEV1,Poland,2907,0.2917,0.2579,0.3247
FEV1,Italy,4520,0.2873,0.2603,0.3139
FEV1,Iran,163,0.3457,0.1925,0.4825
FEV1,India,15,,,
FEV1,China,1,,,
FEV1,Caribbean,2,,,
FEV1,Nigeria,0,,,
fluid_intelligence,United Kingdom,5092,0.1628,0.1359,0.1895
fluid_intelligence,Poland,984,0.0669,0.0038,0.1295
fluid_intelligence,Italy,1846,0.1731,0.1282,0.2172
fluid_intelligence,Iran,158,0.1171,-0.051,0.2788
fluid_intelligence,India,653,0.1605,0.0836,0.2354
fluid_intelligence,China,345,0.0626,-0.0465,0.1703
fluid_intelligence,Caribbean,266,0.1082,-0.0171,0.2302
fluid_intelligence,Nigeria,323,0.0768,-0.0362,0.1879
foreboding_feelings,United Kingdom,6430,0.0282,0.0037,0.0526
foreboding_feelings,Poland,1238,0.0479,-0.0082,0.1038
foreboding_feelings,Italy,2246,0.0291,-0.0125,0.0705
foreboding_feelings,Iran,198,-0.0194,-0.1661,0.128
foreboding_feelings,India,807,0.1152,0.0457,0.1837
foreboding_feelings,China,421,-0.0358,-0.1333,0.0623
foreboding_feelings,Caribbean,370,0.1352,0.0308,0.2367
foreboding_feelings,Nigeria,507,-0.0521,-0.1403,0.0369
fracture_5y,United Kingdom,19908,0.0619,0.048,0.0757
fracture_5y,Poland,4090,0.0308,0,0.0614
fracture_5y,Italy,6601,0.0415,0.0173,0.0656
fracture_5y,Iran,1135,0.0646,0.0059,0.1229
fracture_5y,India,6146,0.0371,0.0121,0.0621
fracture_5y,China,1778,0.0298,-0.017,0.0764
fracture_5y,Caribbean,2435,0.0143,-0.0256,0.0542
fracture_5y,Nigeria,3821,-0.0077,-0.0395,0.0241
FVC,United Kingdom,15118,0.3635,0.3496,0.3773
FVC,Poland,2907,0.346,0.3135,0.3777
FVC,Italy,4520,0.3258,0.2995,0.3517
FVC,Iran,163,0.307,0.1505,0.4486
FVC,India,15,,,
FVC,China,1,,,
FVC,Caribbean,2,,,
FVC,Nigeria,0,,,
geek_time,United Kingdom,19674,0.1722,0.1586,0.1857
geek_time,Poland,4027,0.1303,0.0997,0.1606
geek_time,Italy,6466,0.1428,0.1188,0.1667
geek_time,Iran,1099,0.0807,0.0211,0.1397
geek_time,India,5720,0.0818,0.0559,0.1075
geek_time,China,1721,0.0552,0.0077,0.1025
geek_time,Caribbean,2285,0.0281,-0.0131,0.0692
geek_time,Nigeria,3550,0.0127,-0.0203,0.0457
glasses,United Kingdom,19975,0.0154,0.0015,0.0292
glasses,Poland,4116,0.0247,-0.006,0.0553
glasses,Italy,6627,0.0141,-0.01,0.0382
glasses,Iran,1152,0.0487,-0.0096,0.1067
glasses,India,6213,0.018,-0.0069,0.0429
glasses,China,1787,0.0099,-0.0368,0.0565
glasses,Caribbean,2456,-0.0146,-0.0543,0.0251
glasses,Nigeria,3859,0.012,-0.0196,0.0436
haematocrit_perc,United Kingdom,19423,0.3256,0.3129,0.3381
haematocrit_perc,Poland,4002,0.3126,0.2843,0.3404
haematocrit_perc,Italy,6437,0.2824,0.2597,0.3047
haematocrit_perc,Iran,1153,0.2516,0.1962,0.3053
haematocrit_perc,India,6078,0.2255,0.2015,0.2493
haematocrit_perc,China,1762,0.2014,0.1559,0.2461
haematocrit_perc,Caribbean,2343,0.13,0.0898,0.1698
haematocrit_perc,Nigeria,3711,0.1286,0.0967,0.1602
haemoglobin,United Kingdom,19423,0.3431,0.3306,0.3555
haemoglobin,Poland,4001,0.3146,0.2864,0.3423
haemoglobin,Italy,6436,0.2911,0.2686,0.3134
haemoglobin,Iran,1153,0.2493,0.1938,0.3031
haemoglobin,India,6077,0.2104,0.1863,0.2344
haemoglobin,China,1762,0.208,0.1627,0.2525
haemoglobin,Caribbean,2340,0.1224,0.0822,0.1623
haemoglobin,Nigeria,3709,0.1163,0.0844,0.148
hand_grip_strength,United Kingdom,19855,0.2515,0.2384,0.2645
hand_grip_strength,Poland,4105,0.2485,0.2195,0.2771
hand_grip_strength,Italy,6598,0.2292,0.2062,0.252
hand_grip_strength,Iran,1168,0.1973,0.1411,0.2523
hand_grip_strength,India,6223,0.1688,0.1445,0.1929
hand_grip_strength,China,1799,0.1616,0.116,0.2065
hand_grip_strength,Caribbean,2448,0.0843,0.0446,0.1236
hand_grip_strength,Nigeria,3849,0.0651,0.0334,0.0965
headaches_for_3m,United Kingdom,3905,0.0537,0.0223,0.0851
headaches_for_3m,Poland,1095,0.0316,-0.0282,0.0912
headaches_for_3m,Italy,1537,0.0245,-0.0259,0.0747
headaches_for_3m,Iran,363,-0.0025,-0.1084,0.1034
headaches_for_3m,India,1716,0.0294,-0.0182,0.0769
headaches_for_3m,China,390,-0.1007,-0.2005,0.0013
headaches_for_3m,Caribbean,570,0.0752,-0.0084,0.1578
headaches_for_3m,Nigeria,1043,0.0294,-0.0319,0.0905
height,United Kingdom,19953,0.6344,0.626,0.6426
height,Poland,4126,0.6098,0.5902,0.6286
height,Italy,6633,0.5938,0.578,0.6092
height,Iran,1180,0.5167,0.4732,0.5576
height,India,6152,0.4923,0.4731,0.511
height,China,1801,0.4504,0.4125,0.4866
height,Caribbean,2450,0.3454,0.3099,0.3799
height,Nigeria,3863,0.2731,0.2436,0.3021
immature_reticulocyte_frac,United Kingdom,19121,0.3146,0.3017,0.3273
immature_reticulocyte_frac,Poland,3924,0.3213,0.2928,0.3491
immature_reticulocyte_frac,Italy,6298,0.3224,0.3,0.3444
immature_reticulocyte_frac,Iran,1127,0.2696,0.214,0.3234
immature_reticulocyte_frac,India,5937,0.2631,0.2392,0.2867
immature_reticulocyte_frac,China,1722,0.2154,0.1696,0.2602
immature_reticulocyte_frac,Caribbean,2294,0.1811,0.141,0.2205
immature_reticulocyte_frac,Nigeria,3602,0.1665,0.1345,0.1982
income,United Kingdom,17147,0.1409,0.1262,0.1556
income,Poland,3467,0.0935,0.0603,0.1265
income,Italy,5619,0.1334,0.1076,0.159
income,Iran,809,0.0857,0.016,0.1546
income,India,4548,0.0826,0.0536,0.1114
income,China,1404,0.0367,-0.016,0.0892
income,Caribbean,1874,-0.0034,-0.0489,0.0422
income,Nigeria,2881,0.0395,0.0028,0.076
insomnia,United Kingdom,19978,0.1248,0.1111,0.1384
insomnia,Poland,4116,0.1003,0.0699,0.1305
insomnia,Italy,6626,0.1093,0.0854,0.133
insomnia,Iran,1153,0.0776,0.0195,0.1353
insomnia,India,6199,0.0768,0.052,0.1015
insomnia,China,1788,0.0473,7e-04,0.0938
insomnia,Caribbean,2460,0.0475,0.0078,0.087
insomnia,Nigeria,3863,0.033,0.0013,0.0645
LDL,United Kingdom,18968,0.3331,0.3204,0.3457
LDL,Poland,3946,0.3496,0.3219,0.3768
LDL,Italy,6312,0.3177,0.2953,0.3397
LDL,Iran,1122,0.297,0.2422,0.3499
LDL,India,5987,0.2086,0.1842,0.2327
LDL,China,1716,0.2593,0.2144,0.3032
LDL,Caribbean,2338,0.2864,0.2486,0.3234
LDL,Nigeria,3651,0.2203,0.1891,0.251
less_alcohol,United Kingdom,19981,0.1546,0.1411,0.1681
less_alcohol,Poland,4117,0.155,0.125,0.1847
less_alcohol,Italy,6635,0.1603,0.1367,0.1837
less_alcohol,Iran,1161,0.045,-0.0131,0.1028
less_alcohol,India,6209,0.054,0.0291,0.0788
less_alcohol,China,1789,0.0888,0.0424,0.1348
less_alcohol,Caribbean,2460,0.0359,-0.0038,0.0755
less_alcohol,Nigeria,3855,0.0086,-0.023,0.0403
less_happy_with_health,United Kingdom,6445,0.064,0.0396,0.0883
less_happy_with_health,Poland,1246,0.0746,0.0187,0.1301
less_happy_with_health,Italy,2257,0.0562,0.0148,0.0975
less_happy_with_health,Iran,199,-0.0096,-0.156,0.1373
less_happy_with_health,India,815,0.0029,-0.0667,0.0724
less_happy_with_health,China,423,-0.0063,-0.1039,0.0915
less_happy_with_health,Caribbean,374,0.0167,-0.0877,0.1207
less_happy_with_health,Nigeria,511,0.0279,-0.0607,0.1161
less_happy,United Kingdom,6429,0.0697,0.0453,0.094
less_happy,Poland,1241,0.0305,-0.0257,0.0864
less_happy,Italy,2243,0.0421,5e-04,0.0835
less_happy,Iran,199,-0.1188,-0.2609,0.0284
less_happy,India,809,0.005,-0.0648,0.0748
less_happy,China,424,0.0412,-0.0566,0.1382
less_happy,Caribbean,368,-0.0999,-0.2029,0.0053
less_happy,Nigeria,503,0.0139,-0.0754,0.103
less_tanned,United Kingdom,19578,0.4089,0.3972,0.4205
less_tanned,Poland,3995,0.3298,0.3018,0.3572
less_tanned,Italy,6490,0.3092,0.287,0.3311
less_tanned,Iran,996,0.0834,0.0207,0.1454
less_tanned,India,5414,0.0218,-0.0049,0.0484
less_tanned,China,1651,-0.0042,-0.0527,0.0443
less_tanned,Caribbean,2004,-0.0432,-0.0871,8e-04
less_tanned,Nigeria,2347,-0.0234,-0.064,0.0172
log_age_first_sex,United Kingdom,17510,0.2244,0.2103,0.2384
log_age_first_sex,Poland,3425,0.1979,0.1654,0.2299
log_age_first_sex,Italy,5704,0.162,0.1366,0.1872
log_age_first_sex,Iran,781,0.0725,0.0014,0.1428
log_age_first_sex,India,3788,0.1471,0.1157,0.1782
log_age_first_sex,China,1127,0.0776,0.0188,0.1359
log_age_first_sex,Caribbean,1805,0.0537,0.0073,0.0999
log_age_first_sex,Nigeria,2741,0.0705,0.033,0.1078
log_ALP,United Kingdom,19005,0.4599,0.4486,0.4711
log_ALP,Poland,3950,0.425,0.399,0.4503
log_ALP,Italy,6325,0.4241,0.4036,0.4441
log_ALP,Iran,1123,0.3913,0.3401,0.4401
log_ALP,India,6001,0.4021,0.3806,0.4231
log_ALP,China,1717,0.33,0.2869,0.3717
log_ALP,Caribbean,2344,0.2669,0.2287,0.3042
log_ALP,Nigeria,3658,0.22,0.1888,0.2507
log_ALT,United Kingdom,18995,0.2633,0.25,0.2765
log_ALT,Poland,3950,0.2328,0.203,0.2622
log_ALT,Italy,6321,0.2248,0.2012,0.2481
log_ALT,Iran,1123,0.1871,0.1295,0.2435
log_ALT,India,5992,0.2205,0.1963,0.2445
log_ALT,China,1716,0.1841,0.1377,0.2297
log_ALT,Caribbean,2345,0.1008,0.0604,0.1409
log_ALT,Nigeria,3656,0.1054,0.0731,0.1374
log_AST,United Kingdom,18929,0.2685,0.2552,0.2816
log_AST,Poland,3933,0.2451,0.2154,0.2743
log_AST,Italy,6307,0.2543,0.231,0.2773
log_AST,Iran,1124,0.2157,0.1587,0.2713
log_AST,India,5980,0.2288,0.2046,0.2527
log_AST,China,1703,0.1846,0.138,0.2303
log_AST,Caribbean,2330,0.1077,0.0672,0.1478
log_AST,Nigeria,3640,0.0657,0.0332,0.098
log_bilirubin,United Kingdom,18919,0.6051,0.596,0.6141
log_bilirubin,Poland,3930,0.6191,0.5993,0.638
log_bilirubin,Italy,6303,0.6087,0.5929,0.624
log_bilirubin,Iran,1120,0.5648,0.5231,0.6037
log_bilirubin,India,5983,0.5812,0.5641,0.5977
log_bilirubin,China,1702,0.4145,0.3742,0.4534
log_bilirubin,Caribbean,2326,0.5368,0.5071,0.5653
log_bilirubin,Nigeria,3640,0.5462,0.5229,0.5686
log_BMI,United Kingdom,19937,0.3698,0.3577,0.3817
log_BMI,Poland,4124,0.3628,0.336,0.3891
log_BMI,Italy,6622,0.3557,0.3345,0.3766
log_BMI,Iran,1178,0.3001,0.2468,0.3517
log_BMI,India,6145,0.3048,0.2819,0.3274
log_BMI,China,1799,0.2501,0.206,0.2931
log_BMI,Caribbean,2444,0.1973,0.1587,0.2352
log_BMI,Nigeria,3859,0.1571,0.1261,0.1878
log_creatinine_urine,United Kingdom,19406,0.1184,0.1045,0.1323
log_creatinine_urine,Poland,3973,0.1192,0.0884,0.1498
log_creatinine_urine,Italy,6444,0.1194,0.0952,0.1434
log_creatinine_urine,Iran,1149,0.1276,0.0698,0.1846
log_creatinine_urine,India,6031,0.1093,0.0843,0.1342
log_creatinine_urine,China,1745,0.0405,-0.0067,0.0875
log_creatinine_urine,Caribbean,2383,0.0311,-0.0093,0.0713
log_creatinine_urine,Nigeria,3774,0.0307,-0.0013,0.0626
log_creatinine,United Kingdom,18993,0.3568,0.3443,0.3691
log_creatinine,Poland,3950,0.3499,0.3221,0.377
log_creatinine,Italy,6322,0.3344,0.3123,0.3562
log_creatinine,Iran,1124,0.3425,0.2894,0.3936
log_creatinine,India,6003,0.2881,0.2647,0.3112
log_creatinine,China,1716,0.2465,0.2013,0.2907
log_creatinine,Caribbean,2345,0.1379,0.0978,0.1776
log_creatinine,Nigeria,3655,0.1382,0.1062,0.17
log_CRP,United Kingdom,18962,0.3858,0.3736,0.3978
log_CRP,Poland,3944,0.3769,0.3497,0.4034
log_CRP,Italy,6308,0.3495,0.3276,0.371
log_CRP,Iran,1124,0.3484,0.2954,0.3991
log_CRP,India,5978,0.3629,0.3406,0.3847
log_CRP,China,1710,0.3027,0.2588,0.3454
log_CRP,Caribbean,2339,0.215,0.1758,0.2534
log_CRP,Nigeria,3653,0.1982,0.1667,0.2292
log_cystatinC,United Kingdom,18996,0.418,0.4062,0.4297
log_cystatinC,Poland,3953,0.4317,0.4059,0.4568
log_cystatinC,Italy,6319,0.3864,0.3652,0.4072
log_cystatinC,Iran,1126,0.3385,0.2852,0.3897
log_cystatinC,India,6001,0.3057,0.2826,0.3285
log_cystatinC,China,1718,0.2689,0.2242,0.3125
log_cystatinC,Caribbean,2342,0.1917,0.1522,0.2306
log_cystatinC,Nigeria,3658,0.1856,0.1541,0.2168
log_ECG_QRS_duration,United Kingdom,1702,0.2202,0.1743,0.2652
log_ECG_QRS_duration,Poland,329,0.1602,0.0495,0.267
log_ECG_QRS_duration,Italy,487,0.2468,0.1596,0.3301
log_ECG_QRS_duration,Iran,50,0.1933,-0.1794,0.5176
log_ECG_QRS_duration,India,305,0.2407,0.1281,0.3472
log_ECG_QRS_duration,China,137,0.0168,-0.1652,0.1978
log_ECG_QRS_duration,Caribbean,77,0.155,-0.11,0.3995
log_ECG_QRS_duration,Nigeria,140,0.0017,-0.1776,0.1809
log_eosinophil_perc,United Kingdom,11529,0.2072,0.1897,0.2246
log_eosinophil_perc,Poland,2282,0.2342,0.1949,0.2728
log_eosinophil_perc,Italy,3365,0.1724,0.1393,0.2051
log_eosinophil_perc,Iran,676,0.1901,0.1152,0.2628
log_eosinophil_perc,India,4224,0.1678,0.1382,0.197
log_eosinophil_perc,China,983,0.1291,0.0665,0.1907
log_eosinophil_perc,Caribbean,1291,0.0617,0.0067,0.1162
log_eosinophil_perc,Nigeria,2100,0.0967,0.054,0.1391
log_fat_free_mass,United Kingdom,19637,0.458,0.4469,0.469
log_fat_free_mass,Poland,4072,0.449,0.424,0.4732
log_fat_free_mass,Italy,6538,0.4291,0.4091,0.4487
log_fat_free_mass,Iran,1152,0.3709,0.3195,0.42
log_fat_free_mass,India,6185,0.3879,0.3665,0.4089
log_fat_free_mass,China,1782,0.3154,0.2727,0.3568
log_fat_free_mass,Caribbean,2420,0.2517,0.2139,0.2888
log_fat_free_mass,Nigeria,3799,0.1941,0.1633,0.2246
log_fat_mass,United Kingdom,19612,0.3534,0.3411,0.3656
log_fat_mass,Poland,4065,0.3489,0.3215,0.3757
log_fat_mass,Italy,6519,0.3257,0.3038,0.3473
log_fat_mass,Iran,1149,0.2949,0.2407,0.3472
log_fat_mass,India,6173,0.292,0.2689,0.3146
log_fat_mass,China,1766,0.2477,0.2031,0.2912
log_fat_mass,Caribbean,2418,0.1615,0.1223,0.2002
log_fat_mass,Nigeria,3794,0.141,0.1096,0.1722
log_glucose,United Kingdom,17440,0.1692,0.1548,0.1836
log_glucose,Poland,3591,0.1835,0.1516,0.215
log_glucose,Italy,5795,0.1572,0.1319,0.1822
log_glucose,Iran,1034,0.1414,0.0806,0.2012
log_glucose,India,5481,0.142,0.116,0.1679
log_glucose,China,1562,0.1327,0.0833,0.1814
log_glucose,Caribbean,2159,0.0635,0.0212,0.1056
log_glucose,Nigeria,3397,0.0622,0.0286,0.0958
log_HbA1c,United Kingdom,19060,0.3405,0.3279,0.353
log_HbA1c,Poland,3930,0.3374,0.3093,0.3649
log_HbA1c,Italy,6326,0.3092,0.2867,0.3314
log_HbA1c,Iran,1128,0.329,0.2755,0.3806
log_HbA1c,India,5936,0.2406,0.2164,0.2644
log_HbA1c,China,1731,0.2506,0.2057,0.2945
log_HbA1c,Caribbean,2100,0.1217,0.0792,0.1639
log_HbA1c,Nigeria,2976,0.087,0.0511,0.1226
log_HDL,United Kingdom,17454,0.4605,0.4488,0.4721
log_HDL,Poland,3590,0.4525,0.4261,0.4782
log_HDL,Italy,5800,0.4564,0.4357,0.4765
log_HDL,Iran,1034,0.4038,0.351,0.4541
log_HDL,India,5476,0.409,0.3867,0.4309
log_HDL,China,1562,0.3656,0.3215,0.408
log_HDL,Caribbean,2160,0.3126,0.2739,0.3504
log_HDL,Nigeria,3401,0.2509,0.219,0.2822
log_heel_BMD,United Kingdom,11484,0.4537,0.4391,0.4682
log_heel_BMD,Poland,2146,0.4397,0.4048,0.4734
log_heel_BMD,Italy,3461,0.3929,0.3643,0.4208
log_heel_BMD,Iran,506,0.2944,0.211,0.3736
log_heel_BMD,India,1972,0.3477,0.3081,0.3861
log_heel_BMD,China,820,0.3057,0.2415,0.3672
log_heel_BMD,Caribbean,790,0.1895,0.1204,0.2567
log_heel_BMD,Nigeria,1406,0.1746,0.1231,0.2252
log_heel_BUA,United Kingdom,11485,0.4264,0.4113,0.4413
log_heel_BUA,Poland,2147,0.4076,0.3715,0.4424
log_heel_BUA,Italy,3463,0.3665,0.3372,0.395
log_heel_BUA,Iran,505,0.306,0.223,0.3845
log_heel_BUA,India,1968,0.3216,0.2812,0.3609
log_heel_BUA,China,819,0.2762,0.2109,0.3391
log_heel_BUA,Caribbean,795,0.1457,0.076,0.2139
log_heel_BUA,Nigeria,1404,0.1465,0.0946,0.1977
log_heel_SoS,United Kingdom,11504,0.4182,0.403,0.4332
log_heel_SoS,Poland,2149,0.403,0.3668,0.438
log_heel_SoS,Italy,3470,0.3476,0.3179,0.3766
log_heel_SoS,Iran,507,0.2669,0.1823,0.3475
log_heel_SoS,India,1986,0.3007,0.26,0.3404
log_heel_SoS,China,820,0.2977,0.2332,0.3596
log_heel_SoS,Caribbean,801,0.1697,0.1008,0.237
log_heel_SoS,Nigeria,1421,0.1551,0.1035,0.2058
log_hip_circ,United Kingdom,19965,0.3373,0.3249,0.3495
log_hip_circ,Poland,4125,0.3442,0.317,0.3709
log_hip_circ,Italy,6637,0.3192,0.2974,0.3407
log_hip_circ,Iran,1181,0.3169,0.2642,0.3677
log_hip_circ,India,6267,0.284,0.261,0.3066
log_hip_circ,China,1802,0.2472,0.2031,0.2903
log_hip_circ,Caribbean,2456,0.1739,0.1351,0.2121
log_hip_circ,Nigeria,3867,0.1434,0.1123,0.1742
log_HLR_reticulocyte,United Kingdom,19088,0.4069,0.395,0.4186
log_HLR_reticulocyte,Poland,3919,0.4054,0.3788,0.4313
log_HLR_reticulocyte,Italy,6289,0.3962,0.3751,0.4169
log_HLR_reticulocyte,Iran,1124,0.3255,0.2717,0.3772
log_HLR_reticulocyte,India,5923,0.3191,0.296,0.3418
log_HLR_reticulocyte,China,1715,0.2778,0.2333,0.3212
log_HLR_reticulocyte,Caribbean,2293,0.2182,0.1787,0.257
log_HLR_reticulocyte,Nigeria,3600,0.2136,0.1822,0.2447
log_IGF1,United Kingdom,18901,0.3977,0.3856,0.4096
log_IGF1,Poland,3935,0.3641,0.3366,0.391
log_IGF1,Italy,6290,0.3719,0.3503,0.393
log_IGF1,Iran,1118,0.3755,0.3236,0.4253
log_IGF1,India,5961,0.3361,0.3134,0.3585
log_IGF1,China,1710,0.2886,0.2443,0.3317
log_IGF1,Caribbean,2328,0.1917,0.1521,0.2307
log_IGF1,Nigeria,3637,0.2039,0.1725,0.2349
log_impedance,United Kingdom,19624,0.4099,0.3982,0.4215
log_impedance,Poland,4069,0.4104,0.3845,0.4357
log_impedance,Italy,6535,0.3868,0.366,0.4073
log_impedance,Iran,1151,0.4087,0.359,0.4561
log_impedance,India,6178,0.366,0.3441,0.3874
log_impedance,China,1782,0.2675,0.2236,0.3104
log_impedance,Caribbean,2417,0.229,0.1907,0.2666
log_impedance,Nigeria,3798,0.1708,0.1397,0.2016
log_leukocyte,United Kingdom,19419,0.3641,0.3518,0.3762
log_leukocyte,Poland,4002,0.3304,0.3024,0.3578
log_leukocyte,Italy,6437,0.3374,0.3155,0.3589
log_leukocyte,Iran,1153,0.2724,0.2177,0.3255
log_leukocyte,India,6078,0.3155,0.2926,0.338
log_leukocyte,China,1762,0.2467,0.2021,0.2903
log_leukocyte,Caribbean,2343,0.1956,0.1562,0.2344
log_leukocyte,Nigeria,3711,0.1532,0.1215,0.1845
log_lipoA,United Kingdom,15154,0.6002,0.5899,0.6103
log_lipoA,Poland,3133,0.5621,0.5376,0.5856
log_lipoA,Italy,5176,0.4772,0.4558,0.498
log_lipoA,Iran,925,0.2941,0.2334,0.3525
log_lipoA,India,5230,0.3014,0.2766,0.3259
log_lipoA,China,1541,0.1975,0.1487,0.2453
log_lipoA,Caribbean,1926,0.1097,0.0651,0.1539
log_lipoA,Nigeria,3050,0.0348,-8e-04,0.0703
log_log_gammaGT,United Kingdom,18990,0.4046,0.3926,0.4164
log_log_gammaGT,Poland,3948,0.3675,0.3401,0.3942
log_log_gammaGT,Italy,6321,0.3709,0.3494,0.392
log_log_gammaGT,Iran,1124,0.4245,0.3749,0.4717
log_log_gammaGT,India,6000,0.3621,0.3399,0.3839
log_log_gammaGT,China,1716,0.3412,0.2984,0.3825
log_log_gammaGT,Caribbean,2344,0.1377,0.0976,0.1774
log_log_gammaGT,Nigeria,3654,0.1235,0.0913,0.1554
log_lymphocyte,United Kingdom,19387,0.3636,0.3514,0.3758
log_lymphocyte,Poland,3993,0.3456,0.3179,0.3727
log_lymphocyte,Italy,6421,0.3335,0.3115,0.3551
log_lymphocyte,Iran,1150,0.3153,0.2618,0.3669
log_lymphocyte,India,6058,0.301,0.2779,0.3238
log_lymphocyte,China,1761,0.2717,0.2277,0.3147
log_lymphocyte,Caribbean,2337,0.167,0.1271,0.2063
log_lymphocyte,Nigeria,3699,0.1702,0.1386,0.2014
log_mean_carotid_IMT,United Kingdom,1841,0.1935,0.1489,0.2374
log_mean_carotid_IMT,Poland,337,0.1687,0.0597,0.2738
log_mean_carotid_IMT,Italy,516,0.1529,0.0658,0.2378
log_mean_carotid_IMT,Iran,51,0.1742,-0.192,0.4978
log_mean_carotid_IMT,India,301,0.1582,0.0419,0.2702
log_mean_carotid_IMT,China,143,0.1195,-0.0588,0.2904
log_mean_carotid_IMT,Caribbean,77,0.1213,-0.1438,0.3702
log_mean_carotid_IMT,Nigeria,134,0.196,0.0125,0.3667
log_microalbumin_urine,United Kingdom,6053,0.0727,0.0475,0.0977
log_microalbumin_urine,Poland,1215,0.0331,-0.0236,0.0897
log_microalbumin_urine,Italy,2128,0.0845,0.042,0.1268
log_microalbumin_urine,Iran,426,0.0716,-0.0259,0.1677
log_microalbumin_urine,India,2181,0.0304,-0.0118,0.0725
log_microalbumin_urine,China,505,0.0357,-0.0535,0.1243
log_microalbumin_urine,Caribbean,1112,0.0224,-0.037,0.0816
log_microalbumin_urine,Nigeria,1818,0.0185,-0.0278,0.0647
log_monocyte,United Kingdom,19384,0.4056,0.3937,0.4173
log_monocyte,Poland,3993,0.3829,0.3561,0.4091
log_monocyte,Italy,6423,0.3731,0.3518,0.394
log_monocyte,Iran,1151,0.3791,0.328,0.4279
log_monocyte,India,6060,0.3366,0.314,0.3588
log_monocyte,China,1760,0.2771,0.2332,0.3199
log_monocyte,Caribbean,2336,0.2104,0.1711,0.249
log_monocyte,Nigeria,3699,0.1892,0.1579,0.2202
log_neutrophil,United Kingdom,19382,0.3305,0.3179,0.343
log_neutrophil,Poland,3992,0.3137,0.2853,0.3414
log_neutrophil,Italy,6419,0.3157,0.2934,0.3376
log_neutrophil,Iran,1149,0.267,0.212,0.3204
log_neutrophil,India,6060,0.2983,0.2751,0.3211
log_neutrophil,China,1761,0.2374,0.1926,0.2813
log_neutrophil,Caribbean,2336,0.1856,0.146,0.2246
log_neutrophil,Nigeria,3697,0.1384,0.1066,0.17
log_platelet_crit,United Kingdom,19422,0.4299,0.4184,0.4413
log_platelet_crit,Poland,4002,0.4361,0.4106,0.4609
log_platelet_crit,Italy,6436,0.4086,0.388,0.4288
log_platelet_crit,Iran,1153,0.3976,0.3474,0.4455
log_platelet_crit,India,6076,0.3614,0.3393,0.3831
log_platelet_crit,China,1762,0.3104,0.2674,0.3523
log_platelet_crit,Caribbean,2343,0.1795,0.1398,0.2185
log_platelet_crit,Nigeria,3711,0.1907,0.1594,0.2216
log_platelet_volume,United Kingdom,19423,0.6032,0.5942,0.6121
log_platelet_volume,Poland,4002,0.6067,0.5867,0.626
log_platelet_volume,Italy,6437,0.5713,0.5546,0.5875
log_platelet_volume,Iran,1153,0.5283,0.485,0.5691
log_platelet_volume,India,6078,0.5282,0.5098,0.5461
log_platelet_volume,China,1762,0.4452,0.4067,0.4821
log_platelet_volume,Caribbean,2343,0.3353,0.2987,0.3709
log_platelet_volume,Nigeria,3711,0.3125,0.2831,0.3414
log_platelet_width,United Kingdom,19423,0.4623,0.4511,0.4733
log_platelet_width,Poland,4002,0.4717,0.4471,0.4955
log_platelet_width,Italy,6437,0.4481,0.4283,0.4674
log_platelet_width,Iran,1153,0.4507,0.403,0.4959
log_platelet_width,India,6078,0.4365,0.4158,0.4566
log_platelet_width,China,1762,0.3413,0.2991,0.3821
log_platelet_width,Caribbean,2343,0.227,0.188,0.2652
log_platelet_width,Nigeria,3711,0.2247,0.1938,0.2551
log_platelet,United Kingdom,19422,0.4839,0.473,0.4946
log_platelet,Poland,4002,0.4742,0.4498,0.498
log_platelet,Italy,6436,0.4739,0.4547,0.4927
log_platelet,Iran,1153,0.4562,0.4088,0.5011
log_platelet,India,6076,0.4242,0.4034,0.4447
log_platelet,China,1762,0.3503,0.3084,0.3908
log_platelet,Caribbean,2343,0.2414,0.2028,0.2794
log_platelet,Nigeria,3711,0.2443,0.2137,0.2744
log_potassium_urine,United Kingdom,19363,0.0706,0.0565,0.0846
log_potassium_urine,Poland,3970,0.0851,0.0541,0.116
log_potassium_urine,Italy,6432,0.0709,0.0465,0.0952
log_potassium_urine,Iran,1146,0.0884,0.0302,0.1461
log_potassium_urine,India,6020,0.0626,0.0373,0.0877
log_potassium_urine,China,1743,0.0368,-0.0104,0.0839
log_potassium_urine,Caribbean,2382,0.0381,-0.0022,0.0783
log_potassium_urine,Nigeria,3772,0.0225,-0.0095,0.0545
log_pulse_rate,United Kingdom,18718,0.2692,0.2559,0.2825
log_pulse_rate,Poland,3930,0.2436,0.2139,0.2729
log_pulse_rate,Italy,6338,0.2694,0.2463,0.2921
log_pulse_rate,Iran,1151,0.2658,0.2107,0.3191
log_pulse_rate,India,6098,0.2364,0.2125,0.26
log_pulse_rate,China,1719,0.1969,0.1508,0.2422
log_pulse_rate,Caribbean,2438,0.1477,0.1085,0.1865
log_pulse_rate,Nigeria,3850,0.1343,0.103,0.1652
log_reticulocyte,United Kingdom,19117,0.3967,0.3847,0.4086
log_reticulocyte,Poland,3923,0.3757,0.3485,0.4024
log_reticulocyte,Italy,6297,0.3753,0.3538,0.3963
log_reticulocyte,Iran,1127,0.3116,0.2574,0.3638
log_reticulocyte,India,5935,0.2981,0.2747,0.3211
log_reticulocyte,China,1722,0.2708,0.2261,0.3142
log_reticulocyte,Caribbean,2294,0.1931,0.1532,0.2323
log_reticulocyte,Nigeria,3602,0.1736,0.1416,0.2052
log_SHBG,United Kingdom,17266,0.4274,0.4152,0.4396
log_SHBG,Poland,3563,0.3909,0.3627,0.4185
log_SHBG,Italy,5738,0.4056,0.3837,0.427
log_SHBG,Iran,1025,0.3846,0.3307,0.4361
log_SHBG,India,5437,0.3532,0.3297,0.3763
log_SHBG,China,1548,0.3607,0.3163,0.4035
log_SHBG,Caribbean,2140,0.2192,0.1783,0.2594
log_SHBG,Nigeria,3374,0.1912,0.1584,0.2236
log_sleep,United Kingdom,19860,0.1275,0.1138,0.1412
log_sleep,Poland,4085,0.1396,0.1093,0.1696
log_sleep,Italy,6577,0.1414,0.1176,0.165
log_sleep,Iran,1136,0.099,0.0405,0.1567
log_sleep,India,6129,0.0715,0.0465,0.0964
log_sleep,China,1773,0.0557,0.0089,0.1022
log_sleep,Caribbean,2358,0.0669,0.0264,0.1071
log_sleep,Nigeria,3721,0.0234,-0.0089,0.0555
log_triglycerides,United Kingdom,18986,0.3705,0.3582,0.3827
log_triglycerides,Poland,3948,0.3597,0.3322,0.3867
log_triglycerides,Italy,6319,0.3539,0.3321,0.3753
log_triglycerides,Iran,1122,0.3051,0.2505,0.3577
log_triglycerides,India,5996,0.3582,0.3359,0.3801
log_triglycerides,China,1716,0.2738,0.2292,0.3173
log_triglycerides,Caribbean,2345,0.1921,0.1526,0.2309
log_triglycerides,Nigeria,3653,0.1492,0.1172,0.1808
log_urea,United Kingdom,18989,0.2537,0.2404,0.267
log_urea,Poland,3950,0.2562,0.2268,0.2852
log_urea,Italy,6320,0.2435,0.2201,0.2665
log_urea,Iran,1124,0.2276,0.1709,0.2828
log_urea,India,6003,0.2101,0.1858,0.2342
log_urea,China,1715,0.1944,0.1481,0.2398
log_urea,Caribbean,2345,0.16,0.1202,0.1994
log_urea,Nigeria,3655,0.0842,0.0518,0.1164
log_ventricular_rate,United Kingdom,1711,0.1331,0.086,0.1796
log_ventricular_rate,Poland,329,0.0953,-0.0164,0.2047
log_ventricular_rate,Italy,490,0.1205,0.0304,0.2087
log_ventricular_rate,Iran,50,-0.2266,-0.5425,0.1456
log_ventricular_rate,India,307,0.025,-0.0911,0.1404
log_ventricular_rate,China,137,-0.0998,-0.2763,0.0832
log_ventricular_rate,Caribbean,78,0.0409,-0.2198,0.296
log_ventricular_rate,Nigeria,140,-0.1197,-0.2927,0.0608
log_vitaminD,United Kingdom,18172,0.2293,0.2154,0.243
log_vitaminD,Poland,3778,0.1838,0.1527,0.2145
log_vitaminD,Italy,6046,0.2179,0.1937,0.2418
log_vitaminD,Iran,1036,0.1893,0.1293,0.2479
log_vitaminD,India,5186,0.0774,0.0502,0.1044
log_vitaminD,China,1662,0.081,0.0327,0.1289
log_vitaminD,Caribbean,2266,0.0616,0.0203,0.1027
log_vitaminD,Nigeria,3569,0.0393,0.0064,0.0721
log_waist_circ,United Kingdom,19966,0.3233,0.3108,0.3356
log_waist_circ,Poland,4125,0.3113,0.2834,0.3387
log_waist_circ,Italy,6637,0.303,0.281,0.3247
log_waist_circ,Iran,1181,0.248,0.1932,0.3012
log_waist_circ,India,6267,0.255,0.2317,0.2781
log_waist_circ,China,1802,0.2068,0.1619,0.2508
log_waist_circ,Caribbean,2457,0.1624,0.1235,0.2008
log_waist_circ,Nigeria,3868,0.1264,0.0952,0.1574
log_water_mass,United Kingdom,19641,0.4574,0.4462,0.4684
log_water_mass,Poland,4073,0.4477,0.4228,0.472
log_water_mass,Italy,6539,0.4309,0.4109,0.4505
log_water_mass,Iran,1152,0.3695,0.3181,0.4188
log_water_mass,India,6185,0.3881,0.3667,0.4091
log_water_mass,China,1782,0.3166,0.274,0.358
log_water_mass,Caribbean,2420,0.2518,0.2139,0.2889
log_water_mass,Nigeria,3801,0.1924,0.1615,0.2229
logMAR,United Kingdom,4973,0.0683,0.0405,0.0959
logMAR,Poland,1340,0.0299,-0.0241,0.0837
logMAR,Italy,2200,0.0178,-0.0242,0.0598
logMAR,Iran,473,0.0533,-0.039,0.1447
logMAR,India,2803,-0.0076,-0.0447,0.0296
logMAR,China,698,-0.0376,-0.1126,0.0378
logMAR,Caribbean,1407,0.0259,-0.0268,0.0784
logMAR,Nigeria,2025,-0.0189,-0.0627,0.0249
lymphocyte_perc,United Kingdom,19383,0.314,0.3012,0.3266
lymphocyte_perc,Poland,3992,0.2972,0.2686,0.3253
lymphocyte_perc,Italy,6417,0.3022,0.2798,0.3243
lymphocyte_perc,Iran,1150,0.2825,0.228,0.3353
lymphocyte_perc,India,6056,0.2722,0.2487,0.2954
lymphocyte_perc,China,1761,0.2475,0.2028,0.291
lymphocyte_perc,Caribbean,2337,0.1708,0.131,0.21
lymphocyte_perc,Nigeria,3695,0.1726,0.1411,0.2038
M_less_hair,United Kingdom,4285,0.4662,0.4424,0.4894
M_less_hair,Poland,707,0.4184,0.3547,0.4782
M_less_hair,Italy,1357,0.4335,0.3889,0.476
M_less_hair,Iran,297,0.4018,0.2983,0.496
M_less_hair,India,1484,0.3074,0.2602,0.353
M_less_hair,China,261,0.1958,0.0715,0.3142
M_less_hair,Caribbean,375,0.2977,0.1998,0.3897
M_less_hair,Nigeria,760,0.1792,0.1086,0.248
M_log_testosterone,United Kingdom,7947,0.1448,0.1232,0.1663
M_log_testosterone,Poland,1666,0.1145,0.0665,0.1619
M_log_testosterone,Italy,2641,0.1082,0.0702,0.1459
M_log_testosterone,Iran,485,0.1329,0.0425,0.2212
M_log_testosterone,India,2486,0.1284,0.0893,0.167
M_log_testosterone,China,742,0.0942,0.0214,0.1661
M_log_testosterone,Caribbean,973,0.0604,-0.0031,0.1234
M_log_testosterone,Nigeria,1551,0.0262,-0.0239,0.0762
MCH,United Kingdom,19421,0.4309,0.4194,0.4423
MCH,Poland,4000,0.384,0.3572,0.4102
MCH,Italy,6435,0.317,0.2948,0.3388
MCH,Iran,1153,0.2578,0.2026,0.3114
MCH,India,6078,0.2698,0.2462,0.2929
MCH,China,1762,0.2299,0.1849,0.2739
MCH,Caribbean,2343,0.1586,0.1187,0.198
MCH,Nigeria,3711,0.1189,0.087,0.1506
MCV,United Kingdom,19423,0.4447,0.4333,0.4559
MCV,Poland,4002,0.3969,0.3704,0.4228
MCV,Italy,6437,0.3414,0.3196,0.3628
MCV,Iran,1153,0.2898,0.2355,0.3422
MCV,India,6078,0.2987,0.2756,0.3214
MCV,China,1762,0.2426,0.1979,0.2863
MCV,Caribbean,2342,0.2067,0.1674,0.2453
MCV,Nigeria,3711,0.1227,0.0908,0.1543
monocyte_perc,United Kingdom,19244,0.4126,0.4008,0.4243
monocyte_perc,Poland,3963,0.4017,0.3752,0.4276
monocyte_perc,Italy,6368,0.4021,0.3813,0.4225
monocyte_perc,Iran,1144,0.4032,0.3531,0.4511
monocyte_perc,India,6010,0.3324,0.3096,0.3547
monocyte_perc,China,1744,0.3106,0.2673,0.3526
monocyte_perc,Caribbean,2298,0.184,0.1441,0.2234
monocyte_perc,Nigeria,3663,0.1696,0.1379,0.201
more_evening,United Kingdom,17895,0.2051,0.191,0.2191
more_evening,Poland,3779,0.2007,0.1699,0.2312
more_evening,Italy,5965,0.2002,0.1757,0.2245
more_evening,Iran,982,0.1307,0.0681,0.1924
more_evening,India,5368,0.1219,0.0954,0.1482
more_evening,China,1598,0.1252,0.0763,0.1735
more_evening,Caribbean,2172,0.0871,0.045,0.1288
more_evening,Nigeria,3156,0.0562,0.0212,0.091
more_sunscreen,United Kingdom,19837,0.1345,0.1208,0.1482
more_sunscreen,Poland,4075,0.0842,0.0536,0.1147
more_sunscreen,Italy,6569,0.0951,0.0711,0.1191
more_sunscreen,Iran,1095,0.0891,0.0295,0.1481
more_sunscreen,India,5836,0.0425,0.0168,0.0681
more_sunscreen,China,1733,0.049,0.0016,0.0961
more_sunscreen,Caribbean,2375,0.0296,-0.0108,0.0699
more_sunscreen,Nigeria,3660,0.0233,-0.0092,0.0558
myopia,United Kingdom,4226,0.2396,0.2109,0.2678
myopia,Poland,1151,0.2489,0.1934,0.3028
myopia,Italy,2021,0.2062,0.1638,0.2477
myopia,Iran,441,0.1836,0.0896,0.2744
myopia,India,2654,0.1747,0.1374,0.2115
myopia,China,649,0.1474,0.07,0.223
myopia,Caribbean,1344,0.1168,0.0633,0.1696
myopia,Nigeria,1916,0.0701,0.0251,0.1147
narcolepsy,United Kingdom,19922,0.0959,0.0822,0.1097
narcolepsy,Poland,4057,0.0898,0.0591,0.1203
narcolepsy,Italy,6571,0.0631,0.039,0.0872
narcolepsy,Iran,1078,0.0622,0.002,0.1221
narcolepsy,India,6001,0.0739,0.0487,0.0991
narcolepsy,China,1752,0.0367,-0.0104,0.0837
narcolepsy,Caribbean,2395,0.0267,-0.0135,0.0668
narcolepsy,Nigeria,3750,0.0356,0.0036,0.0677
neuroticism,United Kingdom,16206,0.1882,0.1733,0.203
neuroticism,Poland,2941,0.1696,0.1341,0.2046
neuroticism,Italy,5081,0.1732,0.1464,0.1998
neuroticism,Iran,632,0.1655,0.0874,0.2416
neuroticism,India,3839,0.1307,0.0994,0.1618
neuroticism,China,1138,0.1278,0.0697,0.185
neuroticism,Caribbean,1756,0.0778,0.0308,0.1243
neuroticism,Nigeria,2505,0.0476,0.0083,0.0867
neutrophil_perc,United Kingdom,19359,0.3059,0.293,0.3186
neutrophil_perc,Poland,3988,0.2971,0.2684,0.3252
neutrophil_perc,Italy,6413,0.2972,0.2747,0.3194
neutrophil_perc,Iran,1147,0.2921,0.2377,0.3446
neutrophil_perc,India,6055,0.2672,0.2436,0.2904
neutrophil_perc,China,1760,0.2332,0.1882,0.2771
neutrophil_perc,Caribbean,2334,0.166,0.1261,0.2054
neutrophil_perc,Nigeria,3681,0.1587,0.1269,0.1901
phosphate,United Kingdom,17416,0.2712,0.2574,0.2849
phosphate,Poland,3587,0.2829,0.2524,0.3128
phosphate,Italy,5788,0.2787,0.2547,0.3024
phosphate,Iran,1032,0.3088,0.252,0.3635
phosphate,India,5480,0.2425,0.2174,0.2673
phosphate,China,1562,0.2335,0.1858,0.2802
phosphate,Caribbean,2158,0.1653,0.1238,0.2063
phosphate,Nigeria,3396,0.1139,0.0804,0.147
play_computer,United Kingdom,19980,0.1371,0.1235,0.1507
play_computer,Poland,4117,0.1306,0.1003,0.1605
play_computer,Italy,6626,0.1279,0.1041,0.1515
play_computer,Iran,1143,0.0933,0.035,0.151
play_computer,India,6108,0.0869,0.0619,0.1117
play_computer,China,1782,0.0169,-0.0298,0.0635
play_computer,Caribbean,2445,0.0494,0.0096,0.089
play_computer,Nigeria,3818,0.0465,0.0147,0.0782
poorer_health,United Kingdom,19916,0.1677,0.1542,0.1812
poorer_health,Poland,4073,0.1454,0.1151,0.1754
poorer_health,Italy,6579,0.1449,0.1212,0.1686
poorer_health,Iran,1122,0.1069,0.0482,0.1649
poorer_health,India,6144,0.1182,0.0935,0.1429
poorer_health,China,1761,0.0587,0.0117,0.1054
poorer_health,Caribbean,2438,0.083,0.0432,0.1224
poorer_health,Nigeria,3784,0.0445,0.0126,0.0764
protein,United Kingdom,17433,0.3216,0.3082,0.3348
protein,Poland,3593,0.3209,0.2911,0.35
protein,Italy,5794,0.3023,0.2787,0.3256
protein,Iran,1036,0.2629,0.2047,0.3192
protein,India,5483,0.2907,0.2662,0.3148
protein,China,1562,0.2431,0.1955,0.2895
protein,Caribbean,2161,0.1497,0.108,0.1909
protein,Nigeria,3404,0.1462,0.113,0.179
red_hair,United Kingdom,19713,0.4238,0.4123,0.4352
red_hair,Poland,4046,0.3044,0.2761,0.3322
red_hair,Italy,6570,0.29,0.2676,0.312
red_hair,Iran,1135,0.2119,0.1551,0.2673
red_hair,India,6131,0.0255,4e-04,0.0505
red_hair,China,1782,,,
red_hair,Caribbean,2419,-0.0053,-0.0453,0.0347
red_hair,Nigeria,3836,-0.0153,-0.0471,0.0164
reticulocyte_volume,United Kingdom,19120,0.3934,0.3814,0.4054
reticulocyte_volume,Poland,3924,0.3882,0.3612,0.4145
reticulocyte_volume,Italy,6298,0.3774,0.356,0.3984
reticulocyte_volume,Iran,1127,0.3348,0.2815,0.3861
reticulocyte_volume,India,5935,0.3217,0.2986,0.3443
reticulocyte_volume,China,1722,0.2638,0.219,0.3074
reticulocyte_volume,Caribbean,2293,0.2125,0.1729,0.2514
reticulocyte_volume,Nigeria,3602,0.1616,0.1296,0.1934
sensitive_stomach,United Kingdom,6619,0.049,0.0249,0.073
sensitive_stomach,Poland,1216,0.0561,-6e-04,0.1124
sensitive_stomach,Italy,2231,-0.0333,-0.0749,0.0084
sensitive_stomach,Iran,196,-0.1061,-0.2501,0.0425
sensitive_stomach,India,842,0.0535,-0.015,0.1214
sensitive_stomach,China,413,0.0263,-0.0728,0.1249
sensitive_stomach,Caribbean,355,0.046,-0.0614,0.1524
sensitive_stomach,Nigeria,479,0.1057,0.0143,0.1954
sitting_height,United Kingdom,19908,0.5055,0.4951,0.5158
sitting_height,Poland,4122,0.487,0.4633,0.51
sitting_height,Italy,6623,0.4655,0.4464,0.4842
sitting_height,Iran,1175,0.4025,0.353,0.4497
sitting_height,India,6123,0.3897,0.3682,0.4108
sitting_height,China,1800,0.3397,0.298,0.3802
sitting_height,Caribbean,2443,0.24,0.2021,0.2772
sitting_height,Nigeria,3857,0.2113,0.1808,0.2413
snoring,United Kingdom,18616,0.1113,0.0971,0.1255
snoring,Poland,3654,0.1078,0.0755,0.1398
snoring,Italy,6027,0.0992,0.0741,0.1242
snoring,Iran,1011,0.0834,0.0212,0.1449
snoring,India,5655,0.0816,0.0556,0.1075
snoring,China,1576,0.0748,0.0252,0.1241
snoring,Caribbean,2178,0.07,0.0279,0.1119
snoring,Nigeria,3448,0.0557,0.0223,0.089
sodium_urine,United Kingdom,19357,0.1218,0.1079,0.1357
sodium_urine,Poland,3966,0.089,0.058,0.1199
sodium_urine,Italy,6423,0.1028,0.0785,0.127
sodium_urine,Iran,1143,0.0662,0.0078,0.1242
sodium_urine,India,6018,0.0825,0.0573,0.1076
sodium_urine,China,1743,0.0771,0.03,0.1239
sodium_urine,Caribbean,2380,0.0396,-7e-04,0.0798
sodium_urine,Nigeria,3769,0.027,-0.0051,0.0589
sphered_cell_volume,United Kingdom,19116,0.4104,0.3985,0.4221
sphered_cell_volume,Poland,3924,0.387,0.36,0.4134
sphered_cell_volume,Italy,6293,0.3684,0.3468,0.3896
sphered_cell_volume,Iran,1126,0.361,0.3086,0.4112
sphered_cell_volume,India,5934,0.3247,0.3018,0.3474
sphered_cell_volume,China,1722,0.2632,0.2185,0.3069
sphered_cell_volume,Caribbean,2292,0.2172,0.1777,0.256
sphered_cell_volume,Nigeria,3601,0.1513,0.1191,0.1832
systolic_BP,United Kingdom,18717,0.2548,0.2414,0.2682
systolic_BP,Poland,3930,0.2702,0.2409,0.299
systolic_BP,Italy,6337,0.2197,0.1961,0.243
systolic_BP,Iran,1151,0.2284,0.1724,0.2829
systolic_BP,India,6098,0.1877,0.1633,0.2118
systolic_BP,China,1719,0.2163,0.1705,0.2612
systolic_BP,Caribbean,2438,0.104,0.0644,0.1433
systolic_BP,Nigeria,3850,0.1046,0.0732,0.1358
urate,United Kingdom,18977,0.3885,0.3763,0.4005
urate,Poland,3948,0.3794,0.3523,0.4058
urate,Italy,6318,0.3878,0.3666,0.4086
urate,Iran,1124,0.3602,0.3077,0.4104
urate,India,5991,0.3429,0.3203,0.3651
urate,China,1714,0.3222,0.2788,0.3642
urate,Caribbean,2343,0.2409,0.2022,0.2789
urate,Nigeria,3652,0.2438,0.2129,0.2741
water_intake,United Kingdom,19824,0.1332,0.1195,0.1468
water_intake,Poland,4075,0.1224,0.0919,0.1526
water_intake,Italy,6552,0.1169,0.0929,0.1408
water_intake,Iran,1144,0.1031,0.0449,0.1606
water_intake,India,6162,0.0895,0.0646,0.1142
water_intake,China,1760,0.0666,0.0197,0.1133
water_intake,Caribbean,2404,0.0815,0.0415,0.1212
water_intake,Nigeria,3722,0.0064,-0.0258,0.0386
years_of_edu,United Kingdom,16350,0.1752,0.1603,0.19
years_of_edu,Poland,3619,0.1351,0.1029,0.167
years_of_edu,Italy,5612,0.1582,0.1326,0.1837
years_of_edu,Iran,957,0.0796,0.0156,0.1429
years_of_edu,India,4749,0.0946,0.0662,0.1227
years_of_edu,China,1520,0.0155,-0.0352,0.066
years_of_edu,Caribbean,1949,0.0297,-0.0149,0.0742
years_of_edu,Nigeria,3278,0.028,-0.0063,0.0623
